dst_domain,anchor_text,count
students.unimelb.edu.au,Stop 1,754
students.unimelb.edu.au,Course withdrawal,617
students.unimelb.edu.au,Leave of absence,613
students.unimelb.edu.au,Study Overseas,613
students.unimelb.edu.au,Special consideration,612
students.unimelb.edu.au,Class timetable,612
students.unimelb.edu.au,Advanced standing,612
students.unimelb.edu.au,Enrolling in subjects,611
findanexpert.unimelb.edu.au,(no text),267
findanexpert.unimelb.edu.au,Find an Expert,204
findanexpert.unimelb.edu.au,"Dr
                            
        ",91
findanexpert.unimelb.edu.au,Find an Expert profile,55
findanexpert.unimelb.edu.au,View more,54
findanexpert.unimelb.edu.au,Read more,46
findanexpert.unimelb.edu.au,"Prof
                            
      ",39
findanexpert.unimelb.edu.au,"A/Prof
                            
    ",36
handbook.unimelb.edu.au,View detailed information in the Handboo,2909
handbook.unimelb.edu.au,Handbook,651
handbook.unimelb.edu.au,University Handbook,217
handbook.unimelb.edu.au,https://handbook.unimelb.edu.au/subjects,108
handbook.unimelb.edu.au,Arrow-rightHandbook link,102
handbook.unimelb.edu.au,here,27
handbook.unimelb.edu.au,View Handbook entry,24
handbook.unimelb.edu.au,laws50023Legal Method and Reasoning,16
www.unimelb.edu.au,Alumni,835
www.unimelb.edu.au,Giving,835
www.unimelb.edu.au,Visit our Privacy Statement,804
www.unimelb.edu.au,Accessibility,502
www.unimelb.edu.au,(no text),496
www.unimelb.edu.au,"Newsroom
                             
 ",493
www.unimelb.edu.au,"Contact
                             
  ",493
www.unimelb.edu.au,Terms & privacy,493
study.unimelb.edu.au,Study,851
study.unimelb.edu.au,Explore all our courses,103
study.unimelb.edu.au,Arrow-rightFind a course,101
study.unimelb.edu.au,Arrow-rightSupport centre,101
study.unimelb.edu.au,Arrow-rightSkip to main content,100
study.unimelb.edu.au,Arrow-rightHow to apply,99
study.unimelb.edu.au,Arrow-rightContact us,99
study.unimelb.edu.au,0 saved courses,87
gradresearch.unimelb.edu.au,Graduate Research Hub,89
gradresearch.unimelb.edu.au,Preparation of Graduate Research Theses ,40
gradresearch.unimelb.edu.au,Working with my supervisors,39
gradresearch.unimelb.edu.au,Study Away,39
gradresearch.unimelb.edu.au,Apply for Study Away,39
gradresearch.unimelb.edu.au,Mandatory training for graduate research,38
gradresearch.unimelb.edu.au,Responsible Research & Research Integrit,38
gradresearch.unimelb.edu.au,Add or drop coursework subjects,38
about.unimelb.edu.au,Read about our commitment to reconciliat,598
about.unimelb.edu.au,"About us
                             
 ",493
about.unimelb.edu.au,"Careers at Melbourne
                   ",493
about.unimelb.edu.au,"View all Campus locations
              ",493
about.unimelb.edu.au,Privacy,493
about.unimelb.edu.au,Sustainability Framework,109
about.unimelb.edu.au,University in Australia,21
about.unimelb.edu.au,Newsroom,15
mdhs.unimelb.edu.au,MDHS Research library,916
mdhs.unimelb.edu.au,Infection and Immunology,298
mdhs.unimelb.edu.au,Neuroscience,235
mdhs.unimelb.edu.au,Cancer,168
mdhs.unimelb.edu.au,Child Health,130
mdhs.unimelb.edu.au,Explore,25
mdhs.unimelb.edu.au,"Faculty of Medicine, Dentistry and Healt",25
mdhs.unimelb.edu.au,MDHS Research Project Database,20
services.unimelb.edu.au,Academic Skills Unit,614
services.unimelb.edu.au,Diagnostic English Language Assessment (,613
services.unimelb.edu.au,Student Financial Aid Service,125
services.unimelb.edu.au,Counselling and Psychological Services,39
services.unimelb.edu.au,Counselling and Psychological Services (,21
services.unimelb.edu.au,Health Service,18
services.unimelb.edu.au,Student services directory,15
services.unimelb.edu.au,Skip to main content,9
forms.your.unimelb.edu.au,Arrow-rightRegister for updates,1197
forms.your.unimelb.edu.au,Register to learn moreArrow-right,127
forms.your.unimelb.edu.au,Arrow-rightEnquire,83
forms.your.unimelb.edu.au,Arrow-rightRegister your interest,64
forms.your.unimelb.edu.au,Submit an enquiry,43
forms.your.unimelb.edu.au,Enquiry,39
forms.your.unimelb.edu.au,Make an enquiry,39
forms.your.unimelb.edu.au,Enquiry (recommended),29
scholarships.unimelb.edu.au,Arrow-rightSearch for scholarships,111
scholarships.unimelb.edu.au,Arrow-rightDiscover more about Melbourne,22
scholarships.unimelb.edu.au,Arrow-rightFind a scholarship that's rig,22
scholarships.unimelb.edu.au,Scholarships,19
scholarships.unimelb.edu.au,Find a scholarship,19
scholarships.unimelb.edu.au,Find out,16
scholarships.unimelb.edu.au,Contact us,15
scholarships.unimelb.edu.au,Graduate Research Scholarships,9
staff.unimelb.edu.au,FEIT Intranet,836
staff.unimelb.edu.au,Staff intranet,705
staff.unimelb.edu.au,Local OHS contacts,69
staff.unimelb.edu.au,Staff,9
staff.unimelb.edu.au,MDHS intranet,4
staff.unimelb.edu.au,Assessment Guidelines,3
staff.unimelb.edu.au,Addressing racism in the classroom: Staf,3
staff.unimelb.edu.au,Research Group Leader Professor Sylvia M,3
pursuit.unimelb.edu.au,Pursuit,47
pursuit.unimelb.edu.au,(no text),34
pursuit.unimelb.edu.au,Education,25
pursuit.unimelb.edu.au,Discussion & Debate,24
pursuit.unimelb.edu.au,Business & Economics,24
pursuit.unimelb.edu.au,Health & Medicine,20
pursuit.unimelb.edu.au,Arts & Culture,18
pursuit.unimelb.edu.au,Environment,17
research.unimelb.edu.au,Research,838
research.unimelb.edu.au,University of Melbourne Research Infrast,111
research.unimelb.edu.au,Supplementary PhD Programs,43
research.unimelb.edu.au,Read more,12
research.unimelb.edu.au,Skip to main content,10
research.unimelb.edu.au,Contact,9
research.unimelb.edu.au,Find out more,9
research.unimelb.edu.au,Learn more,8
www.findanexpert.unimelb.edu.au,Find an Expert profile,30
www.findanexpert.unimelb.edu.au,Professor Scott Mueller,14
www.findanexpert.unimelb.edu.au,Professor Gordon Lynch,11
www.findanexpert.unimelb.edu.au,Professor William (Bill) Heath,9
www.findanexpert.unimelb.edu.au,Research Project Leader Professor Gordon,9
www.findanexpert.unimelb.edu.au,Dr Benjamin Parker,8
www.findanexpert.unimelb.edu.au,Research Project Leader Associate Profes,8
www.findanexpert.unimelb.edu.au,Find an Expert,8
policy.unimelb.edu.au,Melbourne policy library,611
policy.unimelb.edu.au,Selection and Admission Policy,137
policy.unimelb.edu.au,"Student Loans, Fees and Charges Policy (",106
policy.unimelb.edu.au,Selection and Admissions Policy,20
policy.unimelb.edu.au,Graduate Research Training Policy,18
policy.unimelb.edu.au,Assessment and Results Policy,17
policy.unimelb.edu.au,Student Conduct Policy,16
policy.unimelb.edu.au,Graduate Research Training Policy (MPF13,13
giving.unimelb.edu.au,Make a Gift,833
giving.unimelb.edu.au,Donate,22
giving.unimelb.edu.au,Donate now,5
giving.unimelb.edu.au,Support the Asia Institute,2
giving.unimelb.edu.au,Click here to donate now,2
giving.unimelb.edu.au,Donate to support the Warmun Partnership,1
giving.unimelb.edu.au,Donate to support the Willem Snoek Conse,1
giving.unimelb.edu.au,Donate to support the Grimwade Centre's ,1
gateway.research.unimelb.edu.au,Human research ethics,610
gateway.research.unimelb.edu.au,Research Gateway,46
gateway.research.unimelb.edu.au,Staff,37
gateway.research.unimelb.edu.au,Researcher Development Unit,32
gateway.research.unimelb.edu.au,iThenticate,15
gateway.research.unimelb.edu.au,Help,12
gateway.research.unimelb.edu.au,Researcher Development Portal,5
gateway.research.unimelb.edu.au,Melbourne Graduate Researcher Orientatio,3
murrupbarak.unimelb.edu.au,Indigenous Students,611
murrupbarak.unimelb.edu.au,Murrup Barak,47
murrupbarak.unimelb.edu.au,"Murrup Barak 
             
            ",18
murrupbarak.unimelb.edu.au,"Murrup Barak, the Melbourne Institute fo",18
murrupbarak.unimelb.edu.au,Murrup BarakPrograms and partnerships fo,9
murrupbarak.unimelb.edu.au,Visit Murrup Barak website,5
murrupbarak.unimelb.edu.au,Establishing your eligibility,4
murrupbarak.unimelb.edu.au,Indigenous Graduate Students Association,4
ask.unimelb.edu.au,https://ask.unimelb.edu.au,21
ask.unimelb.edu.au,Statement of Liability,11
ask.unimelb.edu.au,Fee Account Statement,9
ask.unimelb.edu.au,check your enrolment.,8
ask.unimelb.edu.au,how to check your enrolment,8
ask.unimelb.edu.au,Commonwealth Supported Place,8
ask.unimelb.edu.au,100 points of identification,7
ask.unimelb.edu.au,'at risk' status,7
events.unimelb.edu.au,"Wednesday
                              ",97
events.unimelb.edu.au,"Thursday
                               ",78
events.unimelb.edu.au,(no text),74
events.unimelb.edu.au,"Tuesday
                                ",47
events.unimelb.edu.au,University's events calendar,36
events.unimelb.edu.au,"1 May 2026
                             ",33
events.unimelb.edu.au,https://events.unimelb.edu.au/biomedical,26
events.unimelb.edu.au,central events calendar,20
safety.unimelb.edu.au,Emergency,494
safety.unimelb.edu.au,Emergency Information,9
safety.unimelb.edu.au,https://safety.unimelb.edu.au/management,2
safety.unimelb.edu.au,Online TrainME training,1
safety.unimelb.edu.au,fieldwork and travel safety,1
safety.unimelb.edu.au,fieldwork and travel,1
safety.unimelb.edu.au,high-risk destinations,1
safety.unimelb.edu.au,Chemical management guidelines,1
archive.handbook.unimelb.edu.au,Or view archived Handbooks,490
archive.handbook.unimelb.edu.au,Postgraduate Diploma in Perioperative an,2
archive.handbook.unimelb.edu.au,in the handbook archives,2
maps.unimelb.edu.au,Map,57
maps.unimelb.edu.au,Margaret Lawrence Gallery,46
maps.unimelb.edu.au,Fiona and Sidney Myer Gallery,36
maps.unimelb.edu.au,The Ian Potter Southbank Centre,18
maps.unimelb.edu.au,"Level 6, Melbourne Connect (Building 290",16
maps.unimelb.edu.au,here,14
maps.unimelb.edu.au,John Medley (Building 191),12
maps.unimelb.edu.au,Babel (Building 139),7
indonesiaatmelbourne.unimelb.edu.au,Mandatory Vaccination Will Not Solve Ind,7
indonesiaatmelbourne.unimelb.edu.au,"The End of Police Reform

              ",6
indonesiaatmelbourne.unimelb.edu.au,Indonesia’s Last Chance for a Progressiv,6
indonesiaatmelbourne.unimelb.edu.au,Mural Controversies Expose the Poor Heal,6
indonesiaatmelbourne.unimelb.edu.au,Talking Indonesia: COVID-19 and Religiou,6
indonesiaatmelbourne.unimelb.edu.au,Is Democracy a Help or a Hindrance in Fi,6
indonesiaatmelbourne.unimelb.edu.au,Deadly ‘pesantren’ building collapse is ,6
indonesiaatmelbourne.unimelb.edu.au,Indonesian consumers are paying the pric,6
umsu.unimelb.edu.au,University of Melbourne Student Union (U,20
umsu.unimelb.edu.au,(no text),11
umsu.unimelb.edu.au,UMSU,9
umsu.unimelb.edu.au,Legal Service (UMSU)Free expert legal ad,9
umsu.unimelb.edu.au,UMSU clubs and societies,7
umsu.unimelb.edu.au,Volunteering with UMSU,7
umsu.unimelb.edu.au,University of Melbourne Student Union,7
umsu.unimelb.edu.au,Union Mart,5
search.unimelb.edu.au,searching pages on this site,420
search.unimelb.edu.au,Use search.unimelbSearch across all Univ,9
search.unimelb.edu.au,Biomedical engineering,1
search.unimelb.edu.au,Search,1
blogs.unimelb.edu.au,Postcards from Abroad Blog,7
blogs.unimelb.edu.au,Research Unit for Indigenous Arts and Cu,6
blogs.unimelb.edu.au,Biodiversity Dynamics Research Group (bi,5
blogs.unimelb.edu.au,"Flegg Lab 
             
            Usi",5
blogs.unimelb.edu.au,Preserving Precious Ukrainian Heritage i,4
blogs.unimelb.edu.au,Correlations and Topology in Condensed M,4
blogs.unimelb.edu.au,"Alex Idnurm Lab - Mycology 
            ",4
blogs.unimelb.edu.au,Golz Group - Plant Developmental Genetic,4
sustainablecampus.unimelb.edu.au,Green Impact,113
sustainablecampus.unimelb.edu.au,Sustainability on Campus,111
sustainablecampus.unimelb.edu.au,Sustainability Advocate Program,2
sustainablecampus.unimelb.edu.au,Community Garden,2
sustainablecampus.unimelb.edu.au,"Green Caffeen 
             
           ",1
sustainablecampus.unimelb.edu.au,"Sustainable events 
             
      ",1
sustainablecampus.unimelb.edu.au,Sustainability Plan,1
sustainablecampus.unimelb.edu.au,Volunteer with sustainable campus,1
minerva-elements.unimelb.edu.au,All Along the Street,1
minerva-elements.unimelb.edu.au,The Matrix of Visibility and Legitimacy:,1
minerva-elements.unimelb.edu.au,On Transnational Collaborations,1
minerva-elements.unimelb.edu.au,In Conversation with Eleven Collective,1
minerva-elements.unimelb.edu.au,From Cosmopolis to Cosmopolitan Spaces,1
minerva-elements.unimelb.edu.au,De Cosmópolis a los espacios cosmopolita,1
minerva-elements.unimelb.edu.au,UAE Positive Education Pilot Study Repor,1
minerva-elements.unimelb.edu.au,Gratitude across the life span: Age diff,1
socialequity.unimelb.edu.au,Melbourne Social Equity Institute,33
socialequity.unimelb.edu.au,Ethical and Equitable Digital Design Mat,4
socialequity.unimelb.edu.au,"Published:  
                        19 ",3
socialequity.unimelb.edu.au,Melbourne Social Equity Institute (MSEI),2
socialequity.unimelb.edu.au,Getting back on Country: traditional own,2
socialequity.unimelb.edu.au,"Published:  
                        03 ",2
socialequity.unimelb.edu.au,Community Engagement Grant,1
socialequity.unimelb.edu.au,Learn more about the event here,1
finearts-music.unimelb.edu.au,Read more,21
finearts-music.unimelb.edu.au,Explore the Faculty of Fine Arts and Mus,20
finearts-music.unimelb.edu.au,Fine Arts and Music – Study with Us,18
finearts-music.unimelb.edu.au,Learn more about the Wilin Centre,11
finearts-music.unimelb.edu.au,Wilin Centre for Indigenous Arts and Cul,10
finearts-music.unimelb.edu.au,See more about your teachers,10
finearts-music.unimelb.edu.au,Arrow-rightFine Arts and Music,9
finearts-music.unimelb.edu.au,Learn more about Wilin Centre,9
eng.unimelb.edu.au,Faculty of Engineering and Information T,14
eng.unimelb.edu.au,Infrastructure,9
eng.unimelb.edu.au,"Explore more Defence research 
         ",9
eng.unimelb.edu.au,"Explore more MedTech research 
         ",9
eng.unimelb.edu.au,Download a syllabus template,8
eng.unimelb.edu.au,Food and Agribusiness,7
eng.unimelb.edu.au,"Explore more Infrastructure research 
  ",6
eng.unimelb.edu.au,Transport,6
asialink.unimelb.edu.au,COVID-19 Outbreaks: The Challenge Facing,12
asialink.unimelb.edu.au,Lesson Learnt: Indonesia’s Second Eid al,6
asialink.unimelb.edu.au,"Why Singapore, Taiwan and Vietnam Have B",6
asialink.unimelb.edu.au,Can 'enemies of the state' be acquitted?,5
asialink.unimelb.edu.au,"Sexual Violence, Conflict and COVID-19: ",5
asialink.unimelb.edu.au,The Free Trade Area of the Asia-Pacific ,5
asialink.unimelb.edu.au,Road Map of Post-Pandemic Asia May Look ,5
asialink.unimelb.edu.au,"An Olympic-Size COVID Risk

            ",5
law.unimelb.edu.au,Melbourne Law School,18
law.unimelb.edu.au,Melbourne Law Masters program,11
law.unimelb.edu.au,Melbourne Law Masters,9
law.unimelb.edu.au,Find out more,8
law.unimelb.edu.au,Australian Legal Process and Legal Insti,7
law.unimelb.edu.au,Course and enrolment resources,6
law.unimelb.edu.au,here,6
law.unimelb.edu.au,"Melbourne Law School - Scholarships, Pri",6
gsa.unimelb.edu.au,Graduate Student Association,18
gsa.unimelb.edu.au,"Graduate Student Association (GSA) 
    ",9
gsa.unimelb.edu.au,GSA Career Support,7
gsa.unimelb.edu.au,GSA grad groups,6
gsa.unimelb.edu.au,(no text),6
gsa.unimelb.edu.au,Graduate Student Association (GSA),5
gsa.unimelb.edu.au,International Graduate Student Wellbeing,3
gsa.unimelb.edu.au,Breakfast Club,3
my.unimelb.edu.au,my.unimelb,103
my.unimelb.edu.au,my.unimelb admin pages,26
my.unimelb.edu.au,Go to my.unimelb,24
my.unimelb.edu.au,Visit My.unimelb,12
my.unimelb.edu.au,Student portal,4
my.unimelb.edu.au,my.unimelb (student portal),4
my.unimelb.edu.au,Re-enrol now,4
my.unimelb.edu.au,"my.unimelb Access your student email, pe",3
microscopy.unimelb.edu.au,Ian Holmes Imaging Centre,113
microscopy.unimelb.edu.au,Biological Optical Microscopy Platform (,111
microscopy.unimelb.edu.au,Access the booking system,2
microscopy.unimelb.edu.au,BioSciences Microscopy Unit,1
microscopy.unimelb.edu.au,https://microscopy.unimelb.edu.au/optica,1
microscopy.unimelb.edu.au,www.microscopy.unimelb.edu.au,1
microscopy.unimelb.edu.au,Biological Optical Microscopy Platform,1
microscopy.unimelb.edu.au,Dr Alejandra Ramirez Munoz,1
q.surveys.unimelb.edu.au,Share your story,64
q.surveys.unimelb.edu.au,Request a CMT letter,6
q.surveys.unimelb.edu.au,https://q.surveys.unimelb.edu.au/jfe/for,5
q.surveys.unimelb.edu.au,Submit here,5
q.surveys.unimelb.edu.au,Request to borrow a laptop,5
q.surveys.unimelb.edu.au,Register your interest here,5
q.surveys.unimelb.edu.au,Take this survey,4
q.surveys.unimelb.edu.au,Submit a manual enrolment request,4
medicine.unimelb.edu.au,Melbourne Medical School,8
medicine.unimelb.edu.au,Learn more,8
medicine.unimelb.edu.au,https://medicine.unimelb.edu.au/school-s,7
medicine.unimelb.edu.au,https://medicine.unimelb.edu.au/study/cu,6
medicine.unimelb.edu.au,Melbourne Children’s Campus,5
medicine.unimelb.edu.au,Turning the tide on Australia’s deadlies,4
medicine.unimelb.edu.au,Department of Psychiatry,4
medicine.unimelb.edu.au,"Paediatrics, Royal Children's Hospital",3
library.unimelb.edu.au,Library,12
library.unimelb.edu.au,Library Guides,10
library.unimelb.edu.au,Complimentary Memberships,8
library.unimelb.edu.au,Find a space,6
library.unimelb.edu.au,Baillieu Library,5
library.unimelb.edu.au,Re:cite,5
library.unimelb.edu.au,Library Blogs,4
library.unimelb.edu.au,Library Chat,4
science.unimelb.edu.au,Science Student Ambassadors,14
science.unimelb.edu.au,volunteering,11
science.unimelb.edu.au,Faculty of Science,9
science.unimelb.edu.au,https://science.unimelb.edu.au/students/,8
science.unimelb.edu.au,Science,5
science.unimelb.edu.au,In2Science,3
science.unimelb.edu.au,Plan your Bachelor of Science (new stude,3
science.unimelb.edu.au,Plan Your Bachelor of Science (continuin,3
mbs.unimelb.edu.au,Career Elevation Programs,66
mbs.unimelb.edu.au,here,16
mbs.unimelb.edu.au,MBS,15
mbs.unimelb.edu.au,Melbourne Business School,10
mbs.unimelb.edu.au,Register today.,9
mbs.unimelb.edu.au,Global Business Practicum,8
mbs.unimelb.edu.au,mbs.unimelb.edu.au,6
mbs.unimelb.edu.au,here.,5
sites.research.unimelb.edu.au,"Trace Analysis for Chemical, Earth and E",111
sites.research.unimelb.edu.au,Melbourne Centre for Cities,10
sites.research.unimelb.edu.au,"Melbourne Integrative Genomics (MIG) 
  ",6
sites.research.unimelb.edu.au,Learning Environments Applied Research N,5
sites.research.unimelb.edu.au,"Trace Analysis for Chemical, Earth and A",5
sites.research.unimelb.edu.au,Woodward Medallists,4
sites.research.unimelb.edu.au,RIC website,4
sites.research.unimelb.edu.au,Melbourne Integrative Genomics,3
ecommerce.unimelb.edu.au,eCommerce,44
ecommerce.unimelb.edu.au,Arrow-rightEnrol now,43
ecommerce.unimelb.edu.au,Order today,4
ecommerce.unimelb.edu.au,HERE,4
ecommerce.unimelb.edu.au,Book now,4
ecommerce.unimelb.edu.au,purchase an Evidence of Scholarship,4
ecommerce.unimelb.edu.au,digital,3
ecommerce.unimelb.edu.au,hardcopy,3
fbe.unimelb.edu.au,BCom,12
fbe.unimelb.edu.au,here,6
fbe.unimelb.edu.au,Commencing student resources,4
fbe.unimelb.edu.au,Getting started videos,4
fbe.unimelb.edu.au,Faculty of Business and Economics,4
fbe.unimelb.edu.au,partnerships page,4
fbe.unimelb.edu.au,Course planning resources,3
fbe.unimelb.edu.au,Find out more here,3
arts.unimelb.edu.au,Link,22
arts.unimelb.edu.au,More information about scholarships,16
arts.unimelb.edu.au,https://arts.unimelb.edu.au/school-of-so,5
arts.unimelb.edu.au,Asia Institute,5
arts.unimelb.edu.au,Research Unit for Indigenous Language (R,5
arts.unimelb.edu.au,Ethical guidelines for researchers in Ab,4
arts.unimelb.edu.au,School of Culture and Communication,4
arts.unimelb.edu.au,Grimwade Centre for Cultural Materials C,4
go.unimelb.edu.au,Coursework Scholarships Terms and Condit,33
go.unimelb.edu.au,Coursework Scholarships Terms & Conditio,10
go.unimelb.edu.au,CaptureME,8
go.unimelb.edu.au,here,8
go.unimelb.edu.au,Book now,6
go.unimelb.edu.au,https://go.unimelb.edu.au/qr6p,5
go.unimelb.edu.au,https://go.unimelb.edu.au/wo9p,3
go.unimelb.edu.au,Update your visa status,3
studentit.unimelb.edu.au,Student IT,21
studentit.unimelb.edu.au,"Student ITAccess Wi-Fi, computers, print",9
studentit.unimelb.edu.au,clearing your browser cache,8
studentit.unimelb.edu.au,contact Student IT,8
studentit.unimelb.edu.au,"Student IT 
             
            Ok",6
studentit.unimelb.edu.au,Learn more,5
studentit.unimelb.edu.au,Student IT and eLearning support,5
studentit.unimelb.edu.au,Start a chat,4
studyos.students.unimelb.edu.au,Log back in,22
studyos.students.unimelb.edu.au,Programs Database,9
studyos.students.unimelb.edu.au,Global Learning Brochure Page,4
studyos.students.unimelb.edu.au,Partner Database,3
studyos.students.unimelb.edu.au,brochure pages,3
studyos.students.unimelb.edu.au,Overseas Study Planner - Student User Gu,3
studyos.students.unimelb.edu.au,your global experience application porta,3
studyos.students.unimelb.edu.au,program brochure pages on our summer or ,3
biomedicalsciences.unimelb.edu.au,School of Biomedical Sciences,9
biomedicalsciences.unimelb.edu.au,Scholarships to foster graduate research,5
biomedicalsciences.unimelb.edu.au,Resources for current students,4
biomedicalsciences.unimelb.edu.au,Plan your first year subjects,4
biomedicalsciences.unimelb.edu.au,Sample course plans,4
biomedicalsciences.unimelb.edu.au,Majors,4
biomedicalsciences.unimelb.edu.au,Learn more,4
biomedicalsciences.unimelb.edu.au,Department of Anatomy and Physiology,3
lms.unimelb.edu.au,Log in to the LMS,16
lms.unimelb.edu.au,Login to the LMS,10
lms.unimelb.edu.au,LMS,5
lms.unimelb.edu.au,Learning Management System,4
lms.unimelb.edu.au,LMS Community login,4
lms.unimelb.edu.au,LockDown Browser student guide,4
lms.unimelb.edu.au,Perusall,3
lms.unimelb.edu.au,log in to the LMS,3
mspgh.unimelb.edu.au,Melbourne School of Population and Globa,9
mspgh.unimelb.edu.au,Centre for Epidemiology and Biostatistic,7
mspgh.unimelb.edu.au,Nossal Institute for Global Health,7
mspgh.unimelb.edu.au,Centre for Health Policy,6
mspgh.unimelb.edu.au,Onemda: Aboriginal and Torres Strait Isl,6
mspgh.unimelb.edu.au,Centre for Health Equity,5
mspgh.unimelb.edu.au,Centre for Mental Health and Community W,4
mspgh.unimelb.edu.au,School of Population and Global Health,4
safes.unimelb.edu.au,Centre for Environmental and Economic Re,11
safes.unimelb.edu.au,"School of Agriculture, Food and Ecosyste",8
safes.unimelb.edu.au,"Rural Innovation Research Group 
       ",8
safes.unimelb.edu.au,Green Infrastructure Research Group (GIR,6
safes.unimelb.edu.au,"Food Politics, Philosophy & Policy 
    ",6
safes.unimelb.edu.au,"Crop Agronomy Group 
             
     ",5
safes.unimelb.edu.au,"Digital Agriculture, Food and Wine 
    ",5
safes.unimelb.edu.au,"Quantitative and Applied Ecology 
      ",5
safercommunity.unimelb.edu.au,Safer Community Program,38
safercommunity.unimelb.edu.au,"Safer Community Program 
             
 ",14
safercommunity.unimelb.edu.au,Safer Community ProgramPromoting a respe,9
safercommunity.unimelb.edu.au,"Safer Community 
             
         ",6
safercommunity.unimelb.edu.au,Support for trans and gender diverse com,5
safercommunity.unimelb.edu.au,Speak Safely Portal,5
safercommunity.unimelb.edu.au,The Safer Community Program,5
safercommunity.unimelb.edu.au,Bullying,3
psychologicalsciences.unimelb.edu.au,Contemplative Studies Centre,5
psychologicalsciences.unimelb.edu.au,Fourth Year Psychology,5
psychologicalsciences.unimelb.edu.au,Melbourne School of Psychological Scienc,5
psychologicalsciences.unimelb.edu.au,https://psychologicalsciences.unimelb.ed,4
psychologicalsciences.unimelb.edu.au,School of Psychological Sciences,4
psychologicalsciences.unimelb.edu.au,Clinical and Music Neuroscience Laborato,2
psychologicalsciences.unimelb.edu.au,"Music, Mind and Wellbeing Initiative",2
psychologicalsciences.unimelb.edu.au,Melbourne Centre for Behaviour Change,2
cms.unimelb.edu.au,Show more,115
cms.unimelb.edu.au,Update your details,12
cms.unimelb.edu.au,Read more mentoring stories,2
cms.unimelb.edu.au,Read volunteer stories,2
cms.unimelb.edu.au,FAQ,1
cms.unimelb.edu.au,Read impactful testimonials from our men,1
vca.unimelb.edu.au,Wilin Centre for Indigenous Arts and Cul,29
vca.unimelb.edu.au,Wilin Centre,18
vca.unimelb.edu.au,Find out more about Film and Television ,13
vca.unimelb.edu.au,VCA Digital Archive Project Page,8
vca.unimelb.edu.au,Bachelor of Fine Arts (Honours) (Film an,5
vca.unimelb.edu.au,Victorian College of the Arts,4
vca.unimelb.edu.au,Margaret Lawrence Gallery,3
vca.unimelb.edu.au,Master of Directing for Performance,3
edsc.unimelb.edu.au,https://edsc.unimelb.edu.au/student-expe,9
edsc.unimelb.edu.au,https://edsc.unimelb.edu.au/graduate/sub,7
edsc.unimelb.edu.au,Course planning resources,4
edsc.unimelb.edu.au,Double major sample course plans,4
edsc.unimelb.edu.au,ABPL90434 Construction Management Intern,4
edsc.unimelb.edu.au,Past projects and companies,4
edsc.unimelb.edu.au,Vocational Placements,4
edsc.unimelb.edu.au,Course and enrolment resources,3
education.unimelb.edu.au,Faculty of Education,14
education.unimelb.edu.au,Initial Teacher Education Assessment (iT,10
education.unimelb.edu.au,Aboriginal and Torres Strait Islander Pr,5
education.unimelb.edu.au,https://education.unimelb.edu.au/study/b,4
education.unimelb.edu.au,Faculty of Education website,4
education.unimelb.edu.au,Learn more,4
education.unimelb.edu.au,Resources for current students,3
education.unimelb.edu.au,Assessment and Evaluation Research Centr,3
canvas.lms.unimelb.edu.au,Learn about mentoring,7
canvas.lms.unimelb.edu.au,Careers and Employability LMS community,6
canvas.lms.unimelb.edu.au,Careers LMS Community,5
canvas.lms.unimelb.edu.au,MLM Community,4
canvas.lms.unimelb.edu.au,JD Community,3
canvas.lms.unimelb.edu.au,Launch module,3
canvas.lms.unimelb.edu.au,LMS quiz,3
canvas.lms.unimelb.edu.au,practice Cadmus Exam,3
unimelb.edu.au,The University of Melbourne,34
unimelb.edu.au,Disclaimer and copyright,18
unimelb.edu.au,Privacy,18
unimelb.edu.au,Contact us,11
unimelb.edu.au,https://unimelb.edu.au/professional-deve,10
unimelb.edu.au,(no text),4
unimelb.edu.au,We acknowledge and pay respect to the Tr,3
unimelb.edu.au,Centre for Disaster Management and Publi,3
msd.unimelb.edu.au,Melbourne School of Design,9
msd.unimelb.edu.au,https://msd.unimelb.edu.au/current-stude,8
msd.unimelb.edu.au,"Faculty of Architecture, Building and Pl",7
msd.unimelb.edu.au,https://msd.unimelb.edu.au/graduate-rese,7
msd.unimelb.edu.au,Find out more,6
msd.unimelb.edu.au,design portfolio,4
msd.unimelb.edu.au,Read the full profile,4
msd.unimelb.edu.au,Sustainable and Healthy Environments Lab,3
energy.unimelb.edu.au,Melbourne Energy Institute,18
energy.unimelb.edu.au,"Wednesday
                              ",6
energy.unimelb.edu.au,"Melbourne Energy Institute 
            ",3
energy.unimelb.edu.au,Spotlight on a Student: Ana Luiza Santos,2
energy.unimelb.edu.au,Skip to main content,2
energy.unimelb.edu.au,"Research
                
              ",2
energy.unimelb.edu.au,"Study
    			
    			                
  ",2
energy.unimelb.edu.au,"Events
    			
    			                
 ",2
infrastructure.eng.unimelb.edu.au,Geomatics,24
infrastructure.eng.unimelb.edu.au,Department of Infrastructure Engineering,7
infrastructure.eng.unimelb.edu.au,Find out more,3
infrastructure.eng.unimelb.edu.au,Infrastructure engineering,2
infrastructure.eng.unimelb.edu.au,Australia-China Centre For Maritime Engi,2
infrastructure.eng.unimelb.edu.au,D-lab Website,2
infrastructure.eng.unimelb.edu.au,Asia-Pacific Research Network for Resili,2
infrastructure.eng.unimelb.edu.au,Digital Lab,2
indigenousknowledge.unimelb.edu.au,Indigenous Knowledge Institute,23
indigenousknowledge.unimelb.edu.au,"Indigenous Knowledge Institute 
        ",9
indigenousknowledge.unimelb.edu.au,International Day of the World's Indigen,4
indigenousknowledge.unimelb.edu.au,Charter for Research with Indigenous Kno,4
indigenousknowledge.unimelb.edu.au,Indigenous Knowledge website,2
indigenousknowledge.unimelb.edu.au,Skip to main content,2
indigenousknowledge.unimelb.edu.au,"People
                
                ",2
indigenousknowledge.unimelb.edu.au,"Research
    			
    			                ",2
your.unimelb.edu.au,Arrow-rightEnquire,19
your.unimelb.edu.au,Subscribe to our newsletter,8
your.unimelb.edu.au,get in contact with us,8
your.unimelb.edu.au,Make an enquiry,7
your.unimelb.edu.au,AIMES team,6
your.unimelb.edu.au,Get in touch,4
your.unimelb.edu.au,Subscribe to hear more,3
your.unimelb.edu.au,Subscribe to our MedTech newsletter,3
healthsciences.unimelb.edu.au,Melbourne School of Health Sciences,4
healthsciences.unimelb.edu.au,Department of Social Work,3
healthsciences.unimelb.edu.au,"Centre for Health, Exercise and Sports M",3
healthsciences.unimelb.edu.au,ASPIRE International Collaborative Resea,3
healthsciences.unimelb.edu.au,"Welcome to Health Sciences 2026
        ",3
healthsciences.unimelb.edu.au,Head of Melbourne School of Health Scien,2
healthsciences.unimelb.edu.au,Department of Audiology & Speech Patholo,2
healthsciences.unimelb.edu.au,Department of Nursing,2
melbourneinstitute.unimelb.edu.au,Melbourne Institute,37
melbourneinstitute.unimelb.edu.au,here,3
melbourneinstitute.unimelb.edu.au,Melbourne Institute: Applied Economic & ,2
melbourneinstitute.unimelb.edu.au,"Health Analytics, Leadership, and Econom",2
melbourneinstitute.unimelb.edu.au,Read more,2
melbourneinstitute.unimelb.edu.au,Taking the Pulse of the Nation,2
melbourneinstitute.unimelb.edu.au,Melbourne Institute: Applied Economic an,2
melbourneinstitute.unimelb.edu.au,"Household, Income and Labour Dynamics in",2
minerva-access.unimelb.edu.au,Access on Minerva,18
minerva-access.unimelb.edu.au,Minerva Access,6
minerva-access.unimelb.edu.au,Experimental guidance for eliciting beli,3
minerva-access.unimelb.edu.au,Convex strategyproofness with an applica,3
minerva-access.unimelb.edu.au,Evaluating the Impact of Visualization o,3
minerva-access.unimelb.edu.au,University of Melbourne repository,2
minerva-access.unimelb.edu.au,Institutional Repository,2
minerva-access.unimelb.edu.au,More Publications,2
genomic-cancer-medicine.unimelb.edu.au,Collaborative Centre for Genomic Cancer ,7
genomic-cancer-medicine.unimelb.edu.au,Skip to main content,6
genomic-cancer-medicine.unimelb.edu.au,Collaborate,6
genomic-cancer-medicine.unimelb.edu.au,News and events,6
genomic-cancer-medicine.unimelb.edu.au,Research,5
genomic-cancer-medicine.unimelb.edu.au,Learn more,2
genomic-cancer-medicine.unimelb.edu.au,Peter Mac pathologists and Collaborative,2
genomic-cancer-medicine.unimelb.edu.au,World First Lung Cancer Study ASPiRATION,2
bookings.events.unimelb.edu.au,Register now,53
bookings.events.unimelb.edu.au,Book now,12
bookings.events.unimelb.edu.au,Register,6
bookings.events.unimelb.edu.au,Register Here,3
bookings.events.unimelb.edu.au,Register for this event,2
bookings.events.unimelb.edu.au,Register to start planning your day,2
bookings.events.unimelb.edu.au,Register Now,1
bookings.events.unimelb.edu.au,Digital health technologies in cardiovas,1
cm.edm.unimelb.edu.au,The Initiative for Peacebuilding email n,3
cm.edm.unimelb.edu.au,Samuel Woodman,3
cm.edm.unimelb.edu.au,Taner Ateş,3
cm.edm.unimelb.edu.au,Subscribe for our news and events,2
cm.edm.unimelb.edu.au,Parker Lev Dupain,2
cm.edm.unimelb.edu.au,Jarrad Martyn,2
cm.edm.unimelb.edu.au,Lily Walker,2
cm.edm.unimelb.edu.au,Mythra Schwartz,2
dental.unimelb.edu.au,Melbourne Dental School,14
dental.unimelb.edu.au,Oral Infection and Immunity,5
dental.unimelb.edu.au,Welcome to the Melbourne Dental School,4
dental.unimelb.edu.au,Student resources,4
dental.unimelb.edu.au,Population and Oral Health,3
dental.unimelb.edu.au,Clinical Research,2
dental.unimelb.edu.au,Building a culture of collaboration in o,2
dental.unimelb.edu.au,"Read the latest edition of Dent-AL
     ",2
catalog.lms.unimelb.edu.au,LMS Community – LockDown (Cadmus) Test C,4
catalog.lms.unimelb.edu.au,Canvas Module - Impact Grants Guide,4
catalog.lms.unimelb.edu.au,myWorld First Steps online program,3
catalog.lms.unimelb.edu.au,Melbourne Plus recognition,3
catalog.lms.unimelb.edu.au,https://catalog.lms.unimelb.edu.au/brows,3
catalog.lms.unimelb.edu.au,My World First Steps Online Module,3
catalog.lms.unimelb.edu.au,LMS Community – LockDown (Canvas Classic,3
catalog.lms.unimelb.edu.au,here,2
sso.unimelb.edu.au,Unlock account?,74
sso.unimelb.edu.au,enquiry form,3
sso.unimelb.edu.au,Careers and Employability LMS community,1
careersonline.unimelb.edu.au,Careers Online,11
careersonline.unimelb.edu.au,Expression of Interest,5
careersonline.unimelb.edu.au,Register Now,4
careersonline.unimelb.edu.au,https://careersonline.unimelb.edu.au/wor,4
careersonline.unimelb.edu.au,Express interest here,3
careersonline.unimelb.edu.au,register via Careers Online,2
careersonline.unimelb.edu.au,register via Careers online,2
careersonline.unimelb.edu.au,Express Interest Here,2
cis.unimelb.edu.au,School of Computing and Information Syst,13
cis.unimelb.edu.au,Visit our article for more information,4
cis.unimelb.edu.au,Process Science and Technology,2
cis.unimelb.edu.au,Human-Computer Interaction group,2
cis.unimelb.edu.au,Cybersecurity,2
cis.unimelb.edu.au,project website,1
cis.unimelb.edu.au,Client101: Embedding a psychotherapy tra,1
cis.unimelb.edu.au,Jinrui Yang,1
sport.unimelb.edu.au,Melbourne University SportGym facilities,9
sport.unimelb.edu.au,Elite athletesFlexible study assistance ,9
sport.unimelb.edu.au,Melbourne University Sport Elite Athlete,6
sport.unimelb.edu.au,University of Melbourne Elite Athlete Pr,5
sport.unimelb.edu.au,Strong Women,3
sport.unimelb.edu.au,Pride in Sport,3
sport.unimelb.edu.au,Check out Melbourne University Sport Acc,3
sport.unimelb.edu.au,Jopling Family Rowing Scholarship,2
mdhs-study.unimelb.edu.au,http://mdhs-study.unimelb.edu.au/degrees,17
mdhs-study.unimelb.edu.au,Honours application,9
mdhs-study.unimelb.edu.au,Master of Biomedical Science,7
mdhs-study.unimelb.edu.au,Honours,5
mdhs-study.unimelb.edu.au,Bachelor of Biomedicine (Honours),4
mdhs-study.unimelb.edu.au,Find out more about Honours,2
mdhs-study.unimelb.edu.au,Apply for Honours,2
mdhs-study.unimelb.edu.au,TTE,2
sgeas.unimelb.edu.au,"Melbourne Analytical Geochemistry 
     ",12
sgeas.unimelb.edu.au,Responsible Mining and Energy Transition,6
sgeas.unimelb.edu.au,"School of Geography, Earth and Atmospher",3
sgeas.unimelb.edu.au,"Human Geography Lab 
             
     ",3
sgeas.unimelb.edu.au,https://sgeas.unimelb.edu.au/research/pa,3
sgeas.unimelb.edu.au,https://sgeas.unimelb.edu.au/study/field,2
sgeas.unimelb.edu.au,"Geothermal Energy and Heat Flow 
       ",2
sgeas.unimelb.edu.au,"Climate Variability and Change 
        ",2
ms.unimelb.edu.au,School of Mathematics and Statistics,7
ms.unimelb.edu.au,"Mathematical Ecology, Epidemiology and B",6
ms.unimelb.edu.au,"Mathematical Biology Group 
            ",5
ms.unimelb.edu.au,"Brumley Lab 
             
            O",4
ms.unimelb.edu.au,"Data Science Group 
             
      ",3
ms.unimelb.edu.au,level one Mathematics and Statistics,3
ms.unimelb.edu.au,Statistics and Mathematics Postgraduate ,3
ms.unimelb.edu.au,Mathematics and Statistics Vacation Scho,2
melbourne-cshe.unimelb.edu.au,University of Melbourne Excellence Award,4
melbourne-cshe.unimelb.edu.au,Melbourne Centre for the Study of Higher,4
melbourne-cshe.unimelb.edu.au,David White Award for Teaching Excellenc,2
melbourne-cshe.unimelb.edu.au,Read more,2
melbourne-cshe.unimelb.edu.au,courses and programs.,2
melbourne-cshe.unimelb.edu.au,Centre for the Study of Higher Education,2
melbourne-cshe.unimelb.edu.au,"Global, Place and Community Excellence A",2
melbourne-cshe.unimelb.edu.au,Managing polarising topics in the classr,2
futurestudents.unimelb.edu.au,Access Melbourne,36
futurestudents.unimelb.edu.au,http://futurestudents.unimelb.edu.au/adm,4
futurestudents.unimelb.edu.au,Graduate Access Melbourne,3
futurestudents.unimelb.edu.au,The University of Melbourne Extension Pr,2
futurestudents.unimelb.edu.au,http://futurestudents.unimelb.edu.au/gra,2
futurestudents.unimelb.edu.au,English language requirements for postgr,2
futurestudents.unimelb.edu.au,https://futurestudents.unimelb.edu.au/co,2
futurestudents.unimelb.edu.au,Graduate Professional Degrees,2
mvs.unimelb.edu.au,"One Health Research Group 
             ",6
mvs.unimelb.edu.au,Melbourne Veterinary School,5
mvs.unimelb.edu.au,"Veterinary Epidemiology @ Melbourne 
   ",5
mvs.unimelb.edu.au,Asia-Pacific Centre for Animal Health (A,4
mvs.unimelb.edu.au,"The Mackinnon Project 
             
   ",4
mvs.unimelb.edu.au,"Veterinary Inflammation and Metabolism 
",4
mvs.unimelb.edu.au,"Animal Welfare Science Centre 
         ",3
mvs.unimelb.edu.au,"Centre for Equine Infectious Disease 
  ",3
mentoring.unimelb.edu.au,STEM Industry Mentoring Program,15
mentoring.unimelb.edu.au,Apply now,7
mentoring.unimelb.edu.au,STEM Industry Mentoring program,3
mentoring.unimelb.edu.au,STEM Mentoring,2
mentoring.unimelb.edu.au,AskAlumni,2
mentoring.unimelb.edu.au,Ask Alumni,2
mentoring.unimelb.edu.au,Join now,2
mentoring.unimelb.edu.au,Applications for the 2026 program are no,2
cat.lib.unimelb.edu.au,Access online,14
cat.lib.unimelb.edu.au,Library catalogue,4
cat.lib.unimelb.edu.au,available online in the Library Catalogu,4
cat.lib.unimelb.edu.au,Search our Library Catalogue,2
cat.lib.unimelb.edu.au,"A-Z eJournals 
             
           ",2
cat.lib.unimelb.edu.au,University Library Catalogue,1
cat.lib.unimelb.edu.au,18th century MS of French chansons,1
cat.lib.unimelb.edu.au,Anger's Past: The Social Uses of an Emot,1
mcm.unimelb.edu.au,fourth-year Honours degree,12
mcm.unimelb.edu.au,Bachelor of Music (Honours),7
mcm.unimelb.edu.au,Melbourne Conservatorium of Music,4
mcm.unimelb.edu.au,Interactive Composition,4
mcm.unimelb.edu.au,Course information,3
mcm.unimelb.edu.au,Master of Music (Orchestral Performance),2
mcm.unimelb.edu.au,Sir Bernard Heinze Memorial Award,2
mcm.unimelb.edu.au,National Music Therapy Research Unit,2
www.bio21.unimelb.edu.au,Bio21 Molecular Science and Biotechnolog,6
www.bio21.unimelb.edu.au,Bio21 Institute,4
www.bio21.unimelb.edu.au,"Baxter Group - Biology of Insect Pests 
",4
www.bio21.unimelb.edu.au,Bio21 Molecular Science & Biotechnology ,3
www.bio21.unimelb.edu.au,"Jameson Group – Bioinorganic Chemistry 
",3
www.bio21.unimelb.edu.au,Bio21 Laboratory Webpage,2
www.bio21.unimelb.edu.au,Bio 21 Institute,2
www.bio21.unimelb.edu.au,O'Hair Group – Fundamental and Applied M,2
mspace.unimelb.edu.au,Arrow-rightContact us,35
mspace.unimelb.edu.au,Contact us,12
mspace.unimelb.edu.au,Professional and Executive Education Pro,2
mspace.unimelb.edu.au,Enquire now,2
mspace.unimelb.edu.au,Explore our programs,2
mspace.unimelb.edu.au,Melbourne School of Professional and Con,1
biosciences.unimelb.edu.au,School of BioSciences,5
biosciences.unimelb.edu.au,Frankenberg Lab – Synthetic Biology for ,5
biosciences.unimelb.edu.au,Watt Group - Plant and Root System Biolo,4
biosciences.unimelb.edu.au,"Wedell Group - Evolutionary insect lab 
",4
biosciences.unimelb.edu.au,School of Biosciences,3
biosciences.unimelb.edu.au,Humans of Bioscience: Laura Ospina Rozo ,3
biosciences.unimelb.edu.au,"Specifly Lab 
             
            ",3
biosciences.unimelb.edu.au,BEAM Lab - Behavioural Ecology and Macro,3
secure.alumni.unimelb.edu.au,Register to attend,13
secure.alumni.unimelb.edu.au,Book now,10
secure.alumni.unimelb.edu.au,REGISTER,4
secure.alumni.unimelb.edu.au,Subscribe now,3
secure.alumni.unimelb.edu.au,Register here,3
secure.alumni.unimelb.edu.au,Register now,2
secure.alumni.unimelb.edu.au,Express your interest,2
secure.alumni.unimelb.edu.au,register,2
online.unimelb.edu.au,Arrow-rightEnquire,22
online.unimelb.edu.au,Arrow-rightDownload a course guide,14
online.unimelb.edu.au,Submit an enquiry about this online cour,10
online.unimelb.edu.au,online.unimelb.edu.au/studentsuccess,2
online.unimelb.edu.au,https://online.unimelb.edu.au/business-a,1
online.unimelb.edu.au,"Life, health and wellbeing support",1
online.unimelb.edu.au,apply for entry into an online Master of,1
shop.unimelb.edu.au,"<img class=""product-image-photo"" src=""ht",7
shop.unimelb.edu.au,Visit the merch store,2
shop.unimelb.edu.au,Shop,2
shop.unimelb.edu.au,"Ties, pins and cufflinks",2
shop.unimelb.edu.au,The University shop,1
shop.unimelb.edu.au,Check out the merch shop,1
shop.unimelb.edu.au,Skip to content,1
shop.unimelb.edu.au,Register,1
biodiversity.unimelb.edu.au,"Melbourne Biodiversity Institute 
      ",5
biodiversity.unimelb.edu.au,Skip to main content,2
biodiversity.unimelb.edu.au,"Our research
                
          ",2
biodiversity.unimelb.edu.au,"Study
    			
    			                
  ",2
biodiversity.unimelb.edu.au,"Work with us
    			
    			            ",2
biodiversity.unimelb.edu.au,"Our people
    			
    		               ",2
biodiversity.unimelb.edu.au,Learn more,2
biodiversity.unimelb.edu.au,NewsThe Nature of Impact: Melbourne Biod,2
poche.mdhs.unimelb.edu.au,Melbourne Poche Centre for Indigenous He,7
poche.mdhs.unimelb.edu.au,Poche Centre for Indigenous Health,4
poche.mdhs.unimelb.edu.au,"Meet Melbourne Poche Students 
         ",4
poche.mdhs.unimelb.edu.au,Skip to main content,2
poche.mdhs.unimelb.edu.au,Tanderrum 2026 Visiting Scholar - Dr Kan,2
poche.mdhs.unimelb.edu.au,"Meet the new 2026 Fellows.
            
",2
poche.mdhs.unimelb.edu.au,2026 Indigenous Health Leadership Progra,2
poche.mdhs.unimelb.edu.au,Lowitja Conference: Strong Fearless Toge,2
chemical.eng.unimelb.edu.au,Chemical engineering,6
chemical.eng.unimelb.edu.au,Department of Chemical Engineering,4
chemical.eng.unimelb.edu.au,ARC Dairy Innovation Hub,4
chemical.eng.unimelb.edu.au,Chemical Engineering,3
chemical.eng.unimelb.edu.au,the Caruso group in Melbourne,2
chemical.eng.unimelb.edu.au,Caruso Nanoengineering Group,2
chemical.eng.unimelb.edu.au,Tissue Engineering,1
chemical.eng.unimelb.edu.au,Tissue Engineering -  Professor Greg Qia,1
physics.unimelb.edu.au,School of Physics,8
physics.unimelb.edu.au,"Physical Bioscience 
             
     ",6
physics.unimelb.edu.au,"Hinde Lab: Cellular Biophysics 
        ",4
physics.unimelb.edu.au,"Experimental Particle Physics 
         ",4
physics.unimelb.edu.au,"Renewable Energy 
             
        ",3
physics.unimelb.edu.au,"Quantum Computing and Information 
     ",3
physics.unimelb.edu.au,"Condensed Matter Physics 
             
",3
physics.unimelb.edu.au,"Cosmology and Astroparticle Physics 
   ",3
academicintegrity.unimelb.edu.au,Academic Integrity guidelines,6
academicintegrity.unimelb.edu.au,"Academic integrity 
             
      ",3
academicintegrity.unimelb.edu.au,plagiarism,3
academicintegrity.unimelb.edu.au,academic integrity,3
academicintegrity.unimelb.edu.au,regulations and guidelines on Academic I,3
academicintegrity.unimelb.edu.au,Academic Integrity website,2
academicintegrity.unimelb.edu.au,Academic Integrity,2
academicintegrity.unimelb.edu.au,Statement on the use of artificial intel,2
biomedical.eng.unimelb.edu.au,Department of Biomedical Engineering,5
biomedical.eng.unimelb.edu.au,Patients see light as first sign of rest,2
biomedical.eng.unimelb.edu.au,Electrical approach triggers new treatme,2
biomedical.eng.unimelb.edu.au,Porosity to improve craniofacial surgica,2
biomedical.eng.unimelb.edu.au,Biomedical engineering startup Stelect w,1
biomedical.eng.unimelb.edu.au,Tissue Engineering Lab,1
biomedical.eng.unimelb.edu.au,Cranial bone implants,1
biomedical.eng.unimelb.edu.au,NeuroEngineering group,1
disability.unimelb.edu.au,Melbourne Disability Institute,19
disability.unimelb.edu.au,Melbourne Disability Institute (MDI) Res,1
disability.unimelb.edu.au,MDI Graduate Student Research Support Fu,1
disability.unimelb.edu.au,Visit the Melbourne Disability Institute,1
disability.unimelb.edu.au,One in Five,1
disability.unimelb.edu.au,Melbourne Disability Institute Seed Fund,1
disability.unimelb.edu.au,Graduate Student Research Support Fund,1
disability.unimelb.edu.au,Skip to main content,1
electrical.eng.unimelb.edu.au,Department of Electrical and Electronic ,5
electrical.eng.unimelb.edu.au,Project EDGE,3
electrical.eng.unimelb.edu.au,EV Integration Project,2
electrical.eng.unimelb.edu.au,Electrical and Electronic Engineering,2
electrical.eng.unimelb.edu.au,Australia-US Multidisciplinary Universit,2
electrical.eng.unimelb.edu.au,Molecular communication a new nanotechno,2
electrical.eng.unimelb.edu.au,Power and Energy Group,1
electrical.eng.unimelb.edu.au,EV Integration,1
www.colleges.unimelb.edu.au,residential colleges,7
www.colleges.unimelb.edu.au,University College Accommodation at the ,1
www.colleges.unimelb.edu.au,other affiliated residential colleges,1
www.colleges.unimelb.edu.au,Scholarships for Residential Colleges,1
www.colleges.unimelb.edu.au,Residential College Scholarships,1
www.colleges.unimelb.edu.au,10 residential colleges,1
www.colleges.unimelb.edu.au,Residential collegesUniversity colleges ,1
www.colleges.unimelb.edu.au,Janet Clarke Hall,1
copyright.unimelb.edu.au,Copyright and your thesis,4
copyright.unimelb.edu.au,Copyright Office,4
copyright.unimelb.edu.au,AI and copyright,4
copyright.unimelb.edu.au,Copyright and Research,2
copyright.unimelb.edu.au,agreement,2
copyright.unimelb.edu.au,What is copyright?,2
copyright.unimelb.edu.au,University Copyright Office,2
copyright.unimelb.edu.au,Copyright,1
careers.unimelb.edu.au,Mentoring and internships,3
careers.unimelb.edu.au,careers and employability adviser,3
careers.unimelb.edu.au,EmployMe,3
careers.unimelb.edu.au,online resources,2
careers.unimelb.edu.au,Check out,2
careers.unimelb.edu.au,this page,2
careers.unimelb.edu.au,preparing your CV,2
careers.unimelb.edu.au,Careers and Employability,2
endeavour.unimelb.edu.au,Endeavour Exhibition,6
endeavour.unimelb.edu.au,Endeavour,3
endeavour.unimelb.edu.au,Wade Institute Entrepreneurship Award,2
endeavour.unimelb.edu.au,QinetiQ Endeavour Award,2
endeavour.unimelb.edu.au,"Endeavour Research, Innovation and Comme",2
endeavour.unimelb.edu.au,Past award winners,2
endeavour.unimelb.edu.au,Endeavour Engineering & IT Exhibition,1
endeavour.unimelb.edu.au,"Endeavour 
             
            Mee",1
matrix-cms.unimelb.edu.au,Specialist Certificate in Tax,2
matrix-cms.unimelb.edu.au,Master of Youth Mental Health,2
matrix-cms.unimelb.edu.au,Master of Management (Entrepreneurship &,2
matrix-cms.unimelb.edu.au,Master in Music (Research),1
matrix-cms.unimelb.edu.au,Doctor of Philosophy - Fine Arts and Mus,1
matrix-cms.unimelb.edu.au,Master of Management (Supply Chain Manag,1
matrix-cms.unimelb.edu.au,Bachelor of Music (Honours),1
matrix-cms.unimelb.edu.au,Master of Education,1
clarkinstitute.unimelb.edu.au,Graeme Clark Institute for Biomedical En,5
clarkinstitute.unimelb.edu.au,The Graeme Clark Institute for Biomedica,3
clarkinstitute.unimelb.edu.au,Synthetic Biology Approaches to designer,2
clarkinstitute.unimelb.edu.au,The Graeme Clark Institute,2
clarkinstitute.unimelb.edu.au,Learn more,1
clarkinstitute.unimelb.edu.au,Graeme Clark Institute,1
clarkinstitute.unimelb.edu.au,Graeme Clark Institute symposium,1
clarkinstitute.unimelb.edu.au,New joint design unlocks improvements fo,1
acahuch.msd.unimelb.edu.au,Australian Centre for Architectural Hist,5
acahuch.msd.unimelb.edu.au,Miles Lewis Fellowship,2
acahuch.msd.unimelb.edu.au,Miles Lewis Heritage Building Collection,1
acahuch.msd.unimelb.edu.au,Skip to main content,1
acahuch.msd.unimelb.edu.au,"Our people
                
            ",1
acahuch.msd.unimelb.edu.au,"Research
    			
    			                ",1
acahuch.msd.unimelb.edu.au,"Digital heritage resources
    			
    	",1
acahuch.msd.unimelb.edu.au,More about the centre,1
scc.ms.unimelb.edu.au,Statistical Consulting Centre,6
scc.ms.unimelb.edu.au,Submit an enquiry,2
scc.ms.unimelb.edu.au,Statistical Consulting Centre Platform,2
scc.ms.unimelb.edu.au,Shine Lawyers wins case against mesh imp,2
scc.ms.unimelb.edu.au,"Statistical Consulting Centre 
         ",1
scc.ms.unimelb.edu.au,Skip to main content,1
scc.ms.unimelb.edu.au,Services,1
scc.ms.unimelb.edu.au,statistics courses,1
accounts.unimelb.edu.au,https://accounts.unimelb.edu.au/,8
accounts.unimelb.edu.au,set up your student account,3
accounts.unimelb.edu.au,Reset your student account password,2
accounts.unimelb.edu.au,activate your email or reset your passwo,1
accounts.unimelb.edu.au,identity management system,1
accounts.unimelb.edu.au,completing the online form,1
accounts.unimelb.edu.au,Reset password,1
accounts.unimelb.edu.au,Activate your University account,1
www.services.unimelb.edu.au,http://www.services.unimelb.edu.au/disab,10
www.services.unimelb.edu.au,contact your Student Centre,4
www.services.unimelb.edu.au,contact Stop1,2
www.services.unimelb.edu.au,Student Services website,2
www.services.unimelb.edu.au,Student Counselling and Psychological Se,1
www.services.unimelb.edu.au,Counselling,1
www.services.unimelb.edu.au,UoM Health Service,1
jobs.unimelb.edu.au,"Strategic Scholarship PhD opportunity
  ",5
jobs.unimelb.edu.au,here,3
jobs.unimelb.edu.au,Continuing and fixed term academic oppor,1
jobs.unimelb.edu.au,Read position descriptions,1
jobs.unimelb.edu.au,Current opportunities,1
jobs.unimelb.edu.au,"One Basin CRC Hub Manager, Mildura",1
jobs.unimelb.edu.au,Project Coordinator,1
jobs.unimelb.edu.au,Senior Project Officer,1
fvas.unimelb.edu.au,Faculty of Veterinary and Agricultural S,6
fvas.unimelb.edu.au,Dookie,3
fvas.unimelb.edu.au,Dookie Bushland Reserve,1
fvas.unimelb.edu.au,DiGS: A guide to your course,1
fvas.unimelb.edu.au,research into the resilience of Melbourn,1
fvas.unimelb.edu.au,agricultural and veterinary sciences,1
fvas.unimelb.edu.au,Asia Pacific Centre for Animal Health,1
fvas.unimelb.edu.au,Find out more about courses,1
medicalhistorymuseum.mdhs.unimelb.edu.au,Visit,3
medicalhistorymuseum.mdhs.unimelb.edu.au,Explore the Exhibition,1
medicalhistorymuseum.mdhs.unimelb.edu.au,View the collection online.,1
medicalhistorymuseum.mdhs.unimelb.edu.au,go.unimelb.edu.au/tu98,1
medicalhistorymuseum.mdhs.unimelb.edu.au,https://medicalhistorymuseum.mdhs.unimel,1
medicalhistorymuseum.mdhs.unimelb.edu.au,Skip to main content,1
medicalhistorymuseum.mdhs.unimelb.edu.au,Collection,1
medicalhistorymuseum.mdhs.unimelb.edu.au,Exhibitions,1
www.alumni.unimelb.edu.au,University Alumni,3
www.alumni.unimelb.edu.au,"The Multiplier Effect
            
     ",2
www.alumni.unimelb.edu.au,Chancellor's Circle,1
www.alumni.unimelb.edu.au,Alumni & Giving,1
www.alumni.unimelb.edu.au,Staff can give to the University,1
www.alumni.unimelb.edu.au,Gifts in Wills,1
www.alumni.unimelb.edu.au,Explore University of Melbourne alumni b,1
www.alumni.unimelb.edu.au,Chancellor’s Circle,1
mechanical.eng.unimelb.edu.au,Department of Mechanical Engineering,1
mechanical.eng.unimelb.edu.au,"Department of Mechanical Engineering 
  ",1
mechanical.eng.unimelb.edu.au,Mechanical Engineering,1
mechanical.eng.unimelb.edu.au,Fluid Mechanics group,1
mechanical.eng.unimelb.edu.au,Mechanical engineering,1
mechanical.eng.unimelb.edu.au,Fluid Mechanics Research Group,1
mechanical.eng.unimelb.edu.au,Manufacturing and Industrial Systems Eng,1
mechanical.eng.unimelb.edu.au,MechanicalBiomotion,1
harrybrookesallenmuseum.mdhs.unimelb.edu.au,Visit,3
harrybrookesallenmuseum.mdhs.unimelb.edu.au,Harry Brookes Allen Museum of Anatomy an,2
harrybrookesallenmuseum.mdhs.unimelb.edu.au,Skip to main content,1
harrybrookesallenmuseum.mdhs.unimelb.edu.au,Collection,1
harrybrookesallenmuseum.mdhs.unimelb.edu.au,About,1
harrybrookesallenmuseum.mdhs.unimelb.edu.au,Museum access,1
harrybrookesallenmuseum.mdhs.unimelb.edu.au,Research and Education,1
harrybrookesallenmuseum.mdhs.unimelb.edu.au,Restricted Collection,1
purchase.study.unimelb.edu.au,Arrow-rightEnrol now,17
museumsandcollections.unimelb.edu.au,Museums and Collections,2
museumsandcollections.unimelb.edu.au,"Indigenous Collections 
             
  ",2
museumsandcollections.unimelb.edu.au,"Museums and collections 
             
 ",2
museumsandcollections.unimelb.edu.au,Museums and Collections at the Universit,1
museumsandcollections.unimelb.edu.au,The University of Melbourne’s 30 cultura,1
museumsandcollections.unimelb.edu.au,Indigenous collections,1
museumsandcollections.unimelb.edu.au,museums and collections,1
museumsandcollections.unimelb.edu.au,extensive collections,1
www.economics-experiments.unimelb.edu.au,Calendar,11
www.economics-experiments.unimelb.edu.au,Register for experiments,3
www.economics-experiments.unimelb.edu.au,"Lab Calendar	
			   
                   ",2
ms-kb.msd.unimelb.edu.au,Knowledge Base,6
ms-kb.msd.unimelb.edu.au,Printing Knowledge Base,2
ms-kb.msd.unimelb.edu.au,Learn,2
ms-kb.msd.unimelb.edu.au,Read More,1
ms-kb.msd.unimelb.edu.au,"3D Print Farm [FabLab]	
			   
         ",1
ms-kb.msd.unimelb.edu.au,3D printing quick start guide,1
ms-kb.msd.unimelb.edu.au,CNC quick start guide,1
ms-kb.msd.unimelb.edu.au,KB loan equipment list - how to loan,1
le.unimelb.edu.au,Universal Design for Learning (Learning ,2
le.unimelb.edu.au,guide to designing a simple and effectiv,2
le.unimelb.edu.au,workshops,1
le.unimelb.edu.au,suite of guides on multimedia creation,1
le.unimelb.edu.au,extensive guidance on a range of learnin,1
le.unimelb.edu.au,Learning Environments page on during-sem,1
le.unimelb.edu.au,assessment and feedback pages,1
le.unimelb.edu.au,different assessment options,1
stories.unimelb.edu.au,Read her story,4
stories.unimelb.edu.au,Oliver Howes,2
stories.unimelb.edu.au,Tristan Danino,2
stories.unimelb.edu.au,Harry McCallum,2
stories.unimelb.edu.au,Explore curriculum stories  arrow-right,2
stories.unimelb.edu.au,Girls Programming Network: from mentee t,1
stories.unimelb.edu.au,Melbourne Curriculum,1
stories.unimelb.edu.au,Melbourne curriculum,1
electionwatch.unimelb.edu.au,Indonesia's Local Elections and the Pand,4
electionwatch.unimelb.edu.au,"Hong Kong's Cancelled Elections

       ",3
electionwatch.unimelb.edu.au,"Singapore's GE2020: A Post-mortem

     ",3
electionwatch.unimelb.edu.au,Japan's Opposition Threatens Government',3
electionwatch.unimelb.edu.au,"""The Brexit Shock. What does it mean for",1
languages-linguistics.unimelb.edu.au,http://languages-linguistics.unimelb.edu,14
career-checklist.unimelb.edu.au,Career Checklist,7
career-checklist.unimelb.edu.au,"Get practical career support 
          ",2
career-checklist.unimelb.edu.au,Explore your Career Checklist,2
career-checklist.unimelb.edu.au,"Career Checklist 
             
        ",1
career-checklist.unimelb.edu.au,"Personalised Career Checklist 
         ",1
lists.unimelb.edu.au,here,2
lists.unimelb.edu.au,register for our mailing list,2
lists.unimelb.edu.au,HPS seminar mailing list,1
lists.unimelb.edu.au,Subscribe now,1
lists.unimelb.edu.au,zelahi@student.unimelb.edu.au,1
lists.unimelb.edu.au,dvespasiani@student.unimelb.edu.au,1
lists.unimelb.edu.au,University of Melbourne staff and studen,1
lists.unimelb.edu.au,External subscribers join here,1
housing.unimelb.edu.au,"Off campus housing network 
            ",5
housing.unimelb.edu.au,Off-campus accommodation,3
housing.unimelb.edu.au,Housing Online noticeboard,2
housing.unimelb.edu.au,Off-campus housing network,2
housing.unimelb.edu.au,Off-campus Housing Network,1
study.mbs.unimelb.edu.au,mbs.unimelb.edu.au,7
study.mbs.unimelb.edu.au,Master of Management,2
study.mbs.unimelb.edu.au,Masters of International Business,1
study.mbs.unimelb.edu.au,Master of Management (Accounting and Fin,1
study.mbs.unimelb.edu.au,Master of International Business,1
study.mbs.unimelb.edu.au,Master of Commerce (Management),1
wireless.unimelb.edu.au,UniWireless,4
wireless.unimelb.edu.au,connect to UniWireless,4
wireless.unimelb.edu.au,Eduroam,3
wireless.unimelb.edu.au,Eduroam network,2
bowerstudio.msd.unimelb.edu.au,Homes Plus delivers housing options for ,6
bowerstudio.msd.unimelb.edu.au,Bower Studio,2
bowerstudio.msd.unimelb.edu.au,Website,1
bowerstudio.msd.unimelb.edu.au,Bower Studio program,1
bowerstudio.msd.unimelb.edu.au,Bower Studio website,1
bowerstudio.msd.unimelb.edu.au,Read more about the project here,1
bowerstudio.msd.unimelb.edu.au,https://bowerstudio.msd.unimelb.edu.au/,1
chemistry.unimelb.edu.au,School of Chemistry,6
chemistry.unimelb.edu.au,Australian Laboratory for Emerging Conta,3
chemistry.unimelb.edu.au,School of Chemistry.,1
chemistry.unimelb.edu.au,"School of Chemistry 
             
     ",1
chemistry.unimelb.edu.au,"Chemistry 
             
            Che",1
chemistry.unimelb.edu.au,frequently asked questions,1
www.asiainstitute.unimelb.edu.au,http://www.asiainstitute.unimelb.edu.au/,11
www.asiainstitute.unimelb.edu.au,http://www.asiainstitute.unimelb.edu.au,1
shaps.unimelb.edu.au,http://shaps.unimelb.edu.au/classics-arc,4
shaps.unimelb.edu.au,http://shaps.unimelb.edu.au/history,2
shaps.unimelb.edu.au,http://shaps.unimelb.edu.au/jewish-cultu,2
shaps.unimelb.edu.au,http://shaps.unimelb.edu.au/philosophy,2
shaps.unimelb.edu.au,http://shaps.unimelb.edu.au/history-phil,2
ms-training.msd.unimelb.edu.au,Training,6
ms-training.msd.unimelb.edu.au,"1. Training	 
			   
                   ",1
ms-training.msd.unimelb.edu.au,Access,1
ms-training.msd.unimelb.edu.au,Inductions & Training,1
ms-training.msd.unimelb.edu.au,Maker Spaces Training System Access Here,1
ms-training.msd.unimelb.edu.au,Training LMS,1
ms-training.msd.unimelb.edu.au,Get Started Here,1
specialconsideration.app.unimelb.edu.au,Start registration,4
specialconsideration.app.unimelb.edu.au,request for review online,4
specialconsideration.app.unimelb.edu.au,Apply for special consideration,3
specialconsideration.app.unimelb.edu.au,Register for ongoing support here,1
digitised-collections.unimelb.edu.au,Digitised Collections,2
digitised-collections.unimelb.edu.au,Digitised collections,2
digitised-collections.unimelb.edu.au,Theatre and Dance Platform,1
digitised-collections.unimelb.edu.au,Theatre and Dance Platform (TDP),1
digitised-collections.unimelb.edu.au,La Mama Theatre,1
digitised-collections.unimelb.edu.au,Union Theatre,1
digitised-collections.unimelb.edu.au,Cross Section,1
digitised-collections.unimelb.edu.au,Explore the collection,1
pictures.staff.unimelb.edu.au,(no text),11
www.trinity.unimelb.edu.au,Trinity College,3
www.trinity.unimelb.edu.au,Trinity College Foundation Studies,2
www.trinity.unimelb.edu.au,Buddy Program,1
www.trinity.unimelb.edu.au,Sir Brian Inglis,1
www.trinity.unimelb.edu.au,Yifei Wang on using artificial intellige,1
www.trinity.unimelb.edu.au,Visit Trinity College Foundation Studies,1
www.trinity.unimelb.edu.au,Find out more,1
www.trinity.unimelb.edu.au,Trinity website,1
tes.app.unimelb.edu.au,register your intention to submit,6
tes.app.unimelb.edu.au,The Thesis Examination System (TES),2
tes.app.unimelb.edu.au,Thesis Examination System (TES),2
tes.app.unimelb.edu.au,intention to submit,1
comms.alumni.unimelb.edu.au,August,2
comms.alumni.unimelb.edu.au,October,2
comms.alumni.unimelb.edu.au,February,2
comms.alumni.unimelb.edu.au,June,2
comms.alumni.unimelb.edu.au,July,1
comms.alumni.unimelb.edu.au,November,1
comms.alumni.unimelb.edu.au,Advancing Health 2030,1
ipp.eng.unimelb.edu.au,Innovation Practice Program’s website,4
ipp.eng.unimelb.edu.au,Student identity change is critical for ,2
ipp.eng.unimelb.edu.au,"From little things big things grow
     ",2
ipp.eng.unimelb.edu.au,Innovation Practice Program: Engaging wi,1
ipp.eng.unimelb.edu.au,this page,1
ipp.eng.unimelb.edu.au,University of Melbourne's Innovation Pra,1
www.culture-communication.unimelb.edu.au,http://www.culture-communication.unimelb,11
mytimetable.students.unimelb.edu.au,Log into MyTimetable,7
mytimetable.students.unimelb.edu.au,2025 timetable,2
mytimetable.students.unimelb.edu.au,MyTimetable,1
my.unilife.unimelb.edu.au,Student Portal,1
my.unilife.unimelb.edu.au,here.,1
my.unilife.unimelb.edu.au,Send us your enquiry,1
my.unilife.unimelb.edu.au,"Connect with your Peer Mentor 
         ",1
my.unilife.unimelb.edu.au,"Book, reschedule or cancel your meeting",1
my.unilife.unimelb.edu.au,Academic Mentoring page in my.unimelb,1
my.unilife.unimelb.edu.au,Submit an enquiry,1
my.unilife.unimelb.edu.au,'Peer Mentoring' section of my.unimelb,1
art-museum.unimelb.edu.au,Ian Potter Museum of Art,4
art-museum.unimelb.edu.au,The Ian Potter Museum of Art,1
art-museum.unimelb.edu.au,Classics and Archaeology Collection at t,1
art-museum.unimelb.edu.au,(no text),1
art-museum.unimelb.edu.au,Ursula Hoff Fellow,1
art-museum.unimelb.edu.au,Ian Potter Museum,1
art-museum.unimelb.edu.au,"Ian Potter Museum of Art 
             
",1
course-planner.unimelb.edu.au,My Course Planner,7
course-planner.unimelb.edu.au,Access My Course Planner,2
course-planner.unimelb.edu.au,My Course Planner.,1
provost.unimelb.edu.au,University of Melbourne graduate attribu,4
provost.unimelb.edu.au,Student Charter,2
provost.unimelb.edu.au,Miegunyah followship,1
provost.unimelb.edu.au,Miegunyah Foundation,1
provost.unimelb.edu.au,escalating a student complaint,1
provost.unimelb.edu.au,Apply for a SSAF Grant,1
redcap.unimelb.edu.au,Enquiries,3
redcap.unimelb.edu.au,here,2
redcap.unimelb.edu.au,Register your project idea,1
redcap.unimelb.edu.au,fill out this form.,1
redcap.unimelb.edu.au,Sign up to the Menopause Research Panel,1
redcap.unimelb.edu.au,Join the MDHS CALD Health Network,1
redcap.unimelb.edu.au,pre-screening survey,1
sustainable.unimelb.edu.au,Melbourne Sustainable Society Institute,2
sustainable.unimelb.edu.au,https://sustainable.unimelb.edu.au/home/,1
sustainable.unimelb.edu.au,Perspectives on the destruction of Juuka,1
sustainable.unimelb.edu.au,larger body of research on bushfires pre,1
sustainable.unimelb.edu.au,Future Cities,1
sustainable.unimelb.edu.au,Climate Transformations,1
sustainable.unimelb.edu.au,Melbourne Sustainable Societies Institut,1
sustainable.unimelb.edu.au,Melbourne Sustainable Society Institute,1
alumni.online.unimelb.edu.au,Book now,2
alumni.online.unimelb.edu.au,Register for the workshop here,1
alumni.online.unimelb.edu.au,http://alumni.online.unimelb.edu.au/stra,1
alumni.online.unimelb.edu.au,Donate,1
alumni.online.unimelb.edu.au,Register for the panel here,1
alumni.online.unimelb.edu.au,Donate now,1
alumni.online.unimelb.edu.au,Register to attend,1
alumni.online.unimelb.edu.au,Contribute,1
henryformanatkinsondentalmuseum.mdhs.unimelb.edu.au,Visit,3
henryformanatkinsondentalmuseum.mdhs.unimelb.edu.au,Henry Forman Atkinson Dental Museum,2
henryformanatkinsondentalmuseum.mdhs.unimelb.edu.au,Visit the museum's website,2
henryformanatkinsondentalmuseum.mdhs.unimelb.edu.au,"Henry Forman Atkinson Dental Museum
    ",1
henryformanatkinsondentalmuseum.mdhs.unimelb.edu.au,Dental Museum,1
doi-org.ezp.lib.unimelb.edu.au,doi.org/10.1093/infdis/jiy328,2
doi-org.ezp.lib.unimelb.edu.au,https://doi.org/10.1093/neuonc/noy068,1
doi-org.ezp.lib.unimelb.edu.au,258,1
doi-org.ezp.lib.unimelb.edu.au,"Agee, J. (2009). Developing qualitative ",1
doi-org.ezp.lib.unimelb.edu.au,"Mullins, G. and M. Kiley (2002). It’s a ",1
doi-org.ezp.lib.unimelb.edu.au,"Reeves, S., Koppel, I., Barr, H., Freeth",1
doi-org.ezp.lib.unimelb.edu.au,"Grant, M.J. and Booth, A. (2009). A typo",1
enquiry.app.unimelb.edu.au,Submit an enquiry,4
enquiry.app.unimelb.edu.au,Enquiry Form,2
enquiry.app.unimelb.edu.au,Book now,1
enquiry.app.unimelb.edu.au,Submit an Enquiry,1
cat2.lib.unimelb.edu.au,Catalogue,2
cat2.lib.unimelb.edu.au,Library Catalogue,2
cat2.lib.unimelb.edu.au,here,2
cat2.lib.unimelb.edu.au,available online in the Library Catalogu,1
cat2.lib.unimelb.edu.au,Project management resource for PhD stud,1
feit-vocational-placement.app.unimelb.edu.au,Internships in Australia  - Submit,2
feit-vocational-placement.app.unimelb.edu.au,Internships Overseas - Submit,2
feit-vocational-placement.app.unimelb.edu.au,2026 Submissions now open,2
feit-vocational-placement.app.unimelb.edu.au,Submit an internship position descriptio,1
feit-vocational-placement.app.unimelb.edu.au,Submit a project proposal,1
infur.msd.unimelb.edu.au,"Informal Urbanism Research Hub 
        ",3
infur.msd.unimelb.edu.au,Infur MSD,2
infur.msd.unimelb.edu.au,InFur-,1
infur.msd.unimelb.edu.au,InfUr Seed Fellows,1
infur.msd.unimelb.edu.au,Informal Urbanism Research Hub,1
environment.unimelb.edu.au,Office for Environmental Programs,4
environment.unimelb.edu.au,here.,2
environment.unimelb.edu.au,Visit OEP,1
environment.unimelb.edu.au,applied research project,1
graduate.arts.unimelb.edu.au,Graduate School of Humanities and Social,2
graduate.arts.unimelb.edu.au,Masters by Coursework degree,2
graduate.arts.unimelb.edu.au,Learn more,1
graduate.arts.unimelb.edu.au,Master of Arts (Thesis Only),1
graduate.arts.unimelb.edu.au,Doctor of Philosophy – Arts,1
intl.umsu.unimelb.edu.au,UMSUI Student Ambassador program,6
intl.umsu.unimelb.edu.au,International Brekkie,1
aii.unimelb.edu.au,Australia India Institute,2
aii.unimelb.edu.au,Applied Learning Toolkit,1
aii.unimelb.edu.au,Tools for Applied Learning in Secondary ,1
aii.unimelb.edu.au,Media release,1
aii.unimelb.edu.au,Opportunities to increase Australia-Indi,1
aii.unimelb.edu.au,Building the evidence base for cross-bor,1
cebra.unimelb.edu.au,"CEBRA - Economics of Biosecurity 
      ",2
cebra.unimelb.edu.au,Centre for Excellence for Biosecurity Ri,1
cebra.unimelb.edu.au,https://cebra.unimelb.edu.au/,1
cebra.unimelb.edu.au,Quality-of-life has drastically declined,1
cebra.unimelb.edu.au,the serious threats of climate change to,1
cebra.unimelb.edu.au,"ARC CoE for Biosecurity Risk Analysis 
 ",1
breadth.unimelb.edu.au,http://breadth.unimelb.edu.au/breadth/in,5
breadth.unimelb.edu.au,Link,2
graduate.science.unimelb.edu.au,http://graduate.science.unimelb.edu.au/g,4
graduate.science.unimelb.edu.au,Melbourne Graduate School of Science,2
graduate.science.unimelb.edu.au,http://graduate.science.unimelb.edu.au/m,1
ecosystemforest.unimelb.edu.au,Burnley campus,4
ecosystemforest.unimelb.edu.au,"Burnley, Melbourne",1
ecosystemforest.unimelb.edu.au,Creswick,1
ecosystemforest.unimelb.edu.au,Visit the facility,1
replicats.research.unimelb.edu.au,Read more here,3
replicats.research.unimelb.edu.au,RepliCATS project website,1
replicats.research.unimelb.edu.au,More information,1
replicats.research.unimelb.edu.au,Collaborative Assessment for Trustworthy,1
archives.unimelb.edu.au,University of Melbourne Archives,2
archives.unimelb.edu.au,site des archives.,1
archives.unimelb.edu.au,Germaine Greer,1
archives.unimelb.edu.au,Malcolm Fraser,1
archives.unimelb.edu.au,Visit the Archives,1
ctrs.app.unimelb.edu.au,Apply Now,3
ctrs.app.unimelb.edu.au,Apply now,1
ctrs.app.unimelb.edu.au,register for a user account in CTRS,1
ctrs.app.unimelb.edu.au,Casual Tutor Recruitment System,1
grainger.unimelb.edu.au,Grainger Museum,2
grainger.unimelb.edu.au,Silent Hand catches Silver Bell,1
grainger.unimelb.edu.au,Simulacra,1
grainger.unimelb.edu.au,The Grainger Museum,1
grainger.unimelb.edu.au,"Grainger Museum  
             
        ",1
fae-prod.unimelb.edu.au,Dr Alexander David Barrow,4
fae-prod.unimelb.edu.au,Head of Laboratory Dr Alexander David Ba,2
3a.education.unimelb.edu.au,3a website,3
3a.education.unimelb.edu.au,https://3a.education.unimelb.edu.au/3a-r,2
3a.education.unimelb.edu.au,Research,1
petercook.unimelb.edu.au,Peter Cook Centre for Carbon Capture and,4
petercook.unimelb.edu.au,Peter Cook Centre (for Carbon Capture an,1
petercook.unimelb.edu.au,"Peter Cook Centre 
             
       ",1
ssps.unimelb.edu.au,http://ssps.unimelb.edu.au/study-areas/a,2
ssps.unimelb.edu.au,http://ssps.unimelb.edu.au/study-areas/c,2
ssps.unimelb.edu.au,http://ssps.unimelb.edu.au/study-areas/s,1
ssps.unimelb.edu.au,http://ssps.unimelb.edu.au/study-areas/p,1
www.psych.unimelb.edu.au,http://www.psych.unimelb.edu.au/courses/,4
www.psych.unimelb.edu.au,Psychological Sciences,2
learningspaces.unimelb.edu.au,Learning Spaces Support,2
learningspaces.unimelb.edu.au,room search,2
learningspaces.unimelb.edu.au,Accessible meeting rooms,1
learningspaces.unimelb.edu.au,list of access capabilities and features,1
commercial.unimelb.edu.au,Certificate,2
commercial.unimelb.edu.au,Diploma,2
commercial.unimelb.edu.au,Master,2
journals.sagepub.com.ezp.lib.unimelb.edu.au,"Koerber, A., & McMichael, L. (2008). Qua",1
journals.sagepub.com.ezp.lib.unimelb.edu.au,"Guillemin, M. & Gillam, L. (2004). Ethic",1
journals.sagepub.com.ezp.lib.unimelb.edu.au,"Carter, S., & Little, M. (2007). Justify",1
journals.sagepub.com.ezp.lib.unimelb.edu.au,"Hsiu-Fang, H. and Shannon, S. (2005). Th",1
journals.sagepub.com.ezp.lib.unimelb.edu.au,"Bowen, G. (2008). Naturalistic inquiry a",1
journals.sagepub.com.ezp.lib.unimelb.edu.au,"O'Reilly, M. and N. Parker (2012). 'Unsa",1
archives.library.unimelb.edu.au,"Scantlebury Brown, Vera | University of ",1
archives.library.unimelb.edu.au,Gawler and Drummond archive,1
archives.library.unimelb.edu.au,University archives,1
archives.library.unimelb.edu.au,John Gawler,1
archives.library.unimelb.edu.au,cemeteries in Victoria and beyond,1
archives.library.unimelb.edu.au,online catalogue,1
goerigk.chemistry.unimelb.edu.au,Goerigk Group – Theoretical and Computat,4
goerigk.chemistry.unimelb.edu.au,GMTKN55 database,1
goerigk.chemistry.unimelb.edu.au,Dr Goerigk’s research group,1
captureme.unimelb.edu.au,CaptureMe login,3
captureme.unimelb.edu.au,CaptureME portal,3
overseasstudyplanner.unimelb.edu.au,log back in here,3
overseasstudyplanner.unimelb.edu.au,update your overseas study planner,3
deathtech.research.unimelb.edu.au,DeathTech Research Team,4
deathtech.research.unimelb.edu.au,publications,1
omeka.cloud.unimelb.edu.au,Speculative Wanderings in Space and Plac,2
omeka.cloud.unimelb.edu.au,Execution Ballads,1
omeka.cloud.unimelb.edu.au,Against Erasure,1
omeka.cloud.unimelb.edu.au,"Decoloniality, First Nations Thinkers an",1
vca-mcm.unimelb.edu.au,Wilin Centre for Indigenous Arts and Cul,3
vca-mcm.unimelb.edu.au,Music,1
vca-mcm.unimelb.edu.au,tracey.claire@unimelb.edu.au,1
alumni.unimelb.edu.au,University Alumni,5
collections.mdhs.unimelb.edu.au,Explore the collection,1
collections.mdhs.unimelb.edu.au,Ritter-Bieber AG (estab. 1924),1
collections.mdhs.unimelb.edu.au,Patron Saint of Dentists who died in 249,1
collections.mdhs.unimelb.edu.au,Ritter Dental X-ray machine,1
collections.mdhs.unimelb.edu.au,Explore the Collection,1
minerva.unimelb.edu.au,Minerva Access deposit advice,2
minerva.unimelb.edu.au,author-accepted manuscript,2
minerva.unimelb.edu.au,Minerva Access,1
www.mobility.unimelb.edu.au,http://www.mobility.unimelb.edu.au/outbo,2
www.mobility.unimelb.edu.au,Melbourne Global Mobility: Inbound Stude,1
www.mobility.unimelb.edu.au,Melbourne Global Mobility: Outbound Stud,1
www.mobility.unimelb.edu.au,the University Inbound Exchange and Stud,1
eresearch.unimelb.edu.au,Melbourne eResearch Group,3
eresearch.unimelb.edu.au,Computing and information systemsMelbour,1
eresearch.unimelb.edu.au,Melbourne eResearch Group (MeG),1
ormond.unimelb.edu.au,Ormond College,3
ormond.unimelb.edu.au,formal dining hall,2
melbournespace.research.unimelb.edu.au,Melbourne Space Laboratory,2
melbournespace.research.unimelb.edu.au,"Melbourne Space Lab 
             
     ",2
melbournespace.research.unimelb.edu.au,Melbourne Space Lab,1
camel.science.unimelb.edu.au,CAMEL (Climatic and Metabolic Ecology La,5
ess.science.unimelb.edu.au,"Environmental Social Science 
          ",5
casemanagementform.unimelb.edu.au,submit a complaint,4
casemanagementform.unimelb.edu.au,online form,1
industry.science.unimelb.edu.au,Internships Portal,5
mdap.unimelb.edu.au,Melbourne Data Analytics Platform (MDAP),1
mdap.unimelb.edu.au,"Melbourne Data Analytics Platform 
     ",1
mdap.unimelb.edu.au,MDAP,1
mdap.unimelb.edu.au,Visit the platform,1
www.arts.unimelb.edu.au,http://www.arts.unimelb.edu.au/,2
www.arts.unimelb.edu.au,“Who is Nature?”,1
www.arts.unimelb.edu.au,Watch the film,1
www.cis.unimelb.edu.au,Growing Old and Staying Connected,1
www.cis.unimelb.edu.au,Sociophysical interactions,1
www.cis.unimelb.edu.au,Getting Well and Being Present,1
www.cis.unimelb.edu.au,Designing for Scale,1
figshare.unimelb.edu.au,Read the full report,1
figshare.unimelb.edu.au,Download your copy,1
figshare.unimelb.edu.au,Watch now on figshare,1
figshare.unimelb.edu.au,research,1
5000s-slidectr.unimelb.edu.au,SlideCenter,3
5000s-slidectr.unimelb.edu.au,Access slides-SlideCenter viewer,1
teddybearhospital.unimelb.edu.au,Teddy Bear Hospital,1
teddybearhospital.unimelb.edu.au,The Teddy Bear Hospital,1
teddybearhospital.unimelb.edu.au,teddybearhospital.unimelb.edu.au,1
teddybearhospital.unimelb.edu.au,"Teddy Bear Hospital	 
			   
           ",1
rduevents.unimelb.edu.au,Enrol in a workshop,2
rduevents.unimelb.edu.au,Follow this link to the Researcher Devel,1
rduevents.unimelb.edu.au,available events,1
online.herbarium.unimelb.edu.au,University of Melbourne Herbarium Collec,1
online.herbarium.unimelb.edu.au,the University of Melbourne Herbarium Co,1
online.herbarium.unimelb.edu.au,specimen,1
online.herbarium.unimelb.edu.au,online collection of specimens,1
huntlab.science.unimelb.edu.au,Hunt Laboratory,1
huntlab.science.unimelb.edu.au,Hunt Laboratory for Intelligence Researc,1
huntlab.science.unimelb.edu.au,"Hunt Lab - Analytical Reasoning 
       ",1
huntlab.science.unimelb.edu.au,Learn more.,1
feerefundform.unimelb.edu.au,Submit a refund application,3
feerefundform.unimelb.edu.au,fee refund request.,1
art2024.finearts-music.unimelb.edu.au,2024 VCA Art Catalogue,3
art2024.finearts-music.unimelb.edu.au,2024,1
bcom.unimelb.edu.au,Accreditation,2
bcom.unimelb.edu.au,Honours,2
preview.handbook.unimelb.edu.au,Melbourne Law School - Graduate Research,1
preview.handbook.unimelb.edu.au,ABPL90331,1
preview.handbook.unimelb.edu.au,DEVT90054 Development Studies Thesis Par,1
preview.handbook.unimelb.edu.au,PUBL90022 Publishing and Communications ,1
government.unimelb.edu.au,Skip to main content,1
government.unimelb.edu.au,Home,1
government.unimelb.edu.au,A Fair Day’s Work,1
government.unimelb.edu.au,School of Government’s website.,1
www.unicol.unimelb.edu.au,University College,3
www.unicol.unimelb.edu.au,Learn more about University College,1
ikbe-library.unimelb.edu.au,Indigenous Knowledge in the Built Enviro,2
ikbe-library.unimelb.edu.au,link to the library,1
ikbe-library.unimelb.edu.au,Access the library,1
veil.msd.unimelb.edu.au,Website,2
veil.msd.unimelb.edu.au,Visions and Pathways 2040 Report Victori,1
veil.msd.unimelb.edu.au,Melbourne Foodprint Report,1
maher.science.unimelb.edu.au,Maher Lab – Structural Bioinorganic Chem,4
adaptive-evolution.biosciences.unimelb.edu.au,"Adaptive Evolution Lab 
             
  ",4
www.lms.unimelb.edu.au,LMS subject site,4
ffw.le.unimelb.edu.au,Green Spaces Map,2
ffw.le.unimelb.edu.au,"Green Spaces Map 
             
        ",2
scip.unimelb.edu.au,Sociocultural Informatics Platform (SCIP,1
scip.unimelb.edu.au,Socio Cultural Informatics Platform,1
scip.unimelb.edu.au,Visit the platform,1
vr360.researchsoftware.unimelb.edu.au,(no text),2
vr360.researchsoftware.unimelb.edu.au,here,1
indonesiaforum.arts.unimelb.edu.au,Indonesia Forum,2
indonesiaforum.arts.unimelb.edu.au,Indonesia Forum,1
visualisingvenues.unimelb.edu.au,Union House Tour,1
visualisingvenues.unimelb.edu.au,Lucy Guerin Tour,1
visualisingvenues.unimelb.edu.au,La Mama Tour,1
www.bme.unimelb.edu.au,Tissue Engineering,1
www.bme.unimelb.edu.au,Tissue Engineering - Professor Andrea O',1
www.bme.unimelb.edu.au,Tissue Engineering -  Dr Daniel Heath,1
www.microscopy.unimelb.edu.au,www.microscopy.unimelb.edu.au,3
www.ormond.unimelb.edu.au,Ormond College,3
www.sport.unimelb.edu.au,Melbourne University Sport clubs,2
www.sport.unimelb.edu.au,Sports facilities,1
www.bsc.unimelb.edu.au,Bachelor of Science (Honours),3
mobility.unimelb.edu.au,Study Abroad and Exchange website,2
mobility.unimelb.edu.au,Melbourne Global Mobility program,1
prod.ss.unimelb.edu.au,Verification of Qualification,2
prod.ss.unimelb.edu.au,Apply for Study Away,1
www.climatecollege.unimelb.edu.au,Australian-German Climate & Energy Colle,1
www.climatecollege.unimelb.edu.au,Climate & Energy College,1
www.climatecollege.unimelb.edu.au,Climate and Energy College,1
camph.eng.unimelb.edu.au,ARC Training Centre for Advanced Manufac,2
camph.eng.unimelb.edu.au,"CAMP.H website 
             
          ",1
csdila.unimelb.edu.au,Centre for Spatial Data Infrastructures ,2
csdila.unimelb.edu.au,PedDesign tool,1
murmotorsports.eng.unimelb.edu.au,"Melbourne University Racing 
           ",2
murmotorsports.eng.unimelb.edu.au,Melbourne University Racing,1
people.eng.unimelb.edu.au,ChemicalMultiphysics Fluid Dynamics,1
people.eng.unimelb.edu.au,BiomedicalSystems Lab,1
people.eng.unimelb.edu.au,Dr Simon D'Alfonso,1
art2023.finearts-music.unimelb.edu.au,2023 VCA Art Catalogue,2
art2023.finearts-music.unimelb.edu.au,2023,1
designproduction.finearts-music.unimelb.edu.au,VCA Design and Production 2025 Online Ex,2
designproduction.finearts-music.unimelb.edu.au,View now arrow-right,1
art150.unimelb.edu.au,Read the catalogue essay via ART150.,1
art150.unimelb.edu.au,The history of the 9 x 5 exhibition,1
art150.unimelb.edu.au,Read Sally's interview with Paul Dalgarn,1
neuroscience.unimelb.edu.au,interesting projects,1
neuroscience.unimelb.edu.au,The Centre for Neural Engineering,1
neuroscience.unimelb.edu.au,Melbourne Neuroscience Institute,1
designproduction2022.finearts-music.unimelb.edu.au,VCA Design and Production 2022Immerse yo,1
designproduction2022.finearts-music.unimelb.edu.au,2022 Design and Production Graduate Exhi,1
designproduction2022.finearts-music.unimelb.edu.au,View the exhibition website,1
physioth.unimelb.edu.au,Physiotherapy enquiry,2
physioth.unimelb.edu.au,http://physioth.unimelb.edu.au/,1
portal.unimelb.edu.au,my.unimelb,1
portal.unimelb.edu.au,student portal,1
portal.unimelb.edu.au,Student Portal,1
www.paediatrics.unimelb.edu.au,Department of Paediatrics,2
www.paediatrics.unimelb.edu.au,The University Of Melbourne,1
www.mdhs.unimelb.edu.au,Centre for Cancer Research,2
www.mdhs.unimelb.edu.au,www.mdhs.unimelb.edu.au,1
witness.esrc.unimelb.edu.au,Visit,3
mlu-portal.mdhs.unimelb.edu.au,Student Login,2
mlu-portal.mdhs.unimelb.edu.au,Login here,1
bsc.unimelb.edu.au,BH-SCI: Bachelor of Science (Degree with,1
bsc.unimelb.edu.au,Bachelor of Science (Honours),1
bsc.unimelb.edu.au,honours year,1
archive.abp.unimelb.edu.au,page you were on,3
geography.unimelb.edu.au,"Environment, Wellbeing and Sustainable C",1
geography.unimelb.edu.au,School of Geography,1
geography.unimelb.edu.au,Research projects for geography honours ,1
sefs-saf.unimelb.edu.au,Agriculture and Food,1
sefs-saf.unimelb.edu.au,Hyperspectral and Thermal Remote Sensing,1
sefs-saf.unimelb.edu.au,Find out more,1
equinecentre.unimelb.edu.au,"University of Melbourne Equine Centre 
 ",2
equinecentre.unimelb.edu.au,University of Melbourne Equine Centre,1
tigrrlab.science.unimelb.edu.au,"Pask Lab 
             
            Evol",2
tigrrlab.science.unimelb.edu.au,Thylacine Integrated Genetic Restoration,1
newman.unimelb.edu.au,Newman College,3
hildas.unimelb.edu.au,St Hilda's College,2
hildas.unimelb.edu.au,St Hilda’s College,1
sis.unimelb.edu.au,the University of Melbourne Graduation w,2
sis.unimelb.edu.au,Student Application Portal,1
boskovic.chemistry.unimelb.edu.au,Boskovic Group – Inorganic Molecular Mat,3
hua.science.unimelb.edu.au,Hua Group – Responsive Inorganic Materia,3
uml.chemistry.unimelb.edu.au,"Ultrafast and Microspectroscopy Lab 
   ",3
astro.physics.unimelb.edu.au,"Astrophysics 
             
            ",3
lecao-lab.science.unimelb.edu.au,"Lê Cao Lab – Director of MIG 
          ",3
ecommerce.elc.unimelb.edu.au,Click here for details,3
mycounselling.app.unimelb.edu.au,"Appointments	 
			   
                  ",1
mycounselling.app.unimelb.edu.au,booked online,1
mycounselling.app.unimelb.edu.au,"Book, check-in for, reschedule or cancel",1
students.fvas.unimelb.edu.au,Resources for current students,3
currentstudents.eng.unimelb.edu.au,Pre-Engineering Club,2
currentstudents.eng.unimelb.edu.au,Pre-Eng club or make an appointment with,1
intlstudaccept.unimelb.edu.au,Complete the Student Acceptance and Paym,1
intlstudaccept.unimelb.edu.au,International Student Acceptance and Pay,1
intlstudaccept.unimelb.edu.au,Student Acceptance and Payment Agreement,1
circuit.unimelb.edu.au,Visit CIRCUIT,1
circuit.unimelb.edu.au,Creative Convergence Map,1
voice.unimelb.edu.au,VOICE,1
voice.unimelb.edu.au,here,1
amems.unimelb.edu.au,1,2
owa.unimelb.edu.au,http://ro.uow.edu.au/asj/vol4/iss2/,1
owa.unimelb.edu.au,ro.uow.edu.au/asj/vol4/iss2/4,1
microbiol.unimelb.edu.au,A/Prof Patrick Reading,1
microbiol.unimelb.edu.au,Thomas Gebhardt,1
www.microbiol.unimelb.edu.au,Stinear Laboratory,1
www.microbiol.unimelb.edu.au,Microbiology and Immunology,1
www.biochemistry.unimelb.edu.au,Dr Kathryn Holt,1
www.biochemistry.unimelb.edu.au,http:www.biochemistry.unimelb.edu.au,1
www.mech.unimelb.edu.au,Biomechanics,1
www.mech.unimelb.edu.au,Biomechanics - Dr Kathryn Stok,1
enrolmentvariations.app.unimelb.edu.au,Enrolment Variation form,1
enrolmentvariations.app.unimelb.edu.au,Enrolment Assistance (EA) form.,1
student-advising-system.unimelb.edu.au,Student Advising System,2
shepmed.unimelb.edu.au,Shepparton campus,1
shepmed.unimelb.edu.au,https://shepmed.unimelb.edu.au/,1
www.studentcentres.unimelb.edu.au,Science Student Centre,2
www.annualreport.about.unimelb.edu.au,here,1
www.annualreport.about.unimelb.edu.au,Explore the Annual Report,1
potter-museum.unimelb.edu.au,"exhibition ‘a velvet ant, a flower and a",1
potter-museum.unimelb.edu.au,"65,000 Years: A Short History of Austral",1
museums.mdhs.unimelb.edu.au,Museum Hub,2
ece.education.unimelb.edu.au,Login,1
ece.education.unimelb.edu.au,Member login,1
accommodation-hub.gsa.unimelb.edu.au,Accommodation Hub,2
gradgroups.unimelb.edu.au,Grad Groups Portal,2
www.csdila.unimelb.edu.au,Centre for Spatial Data Infrastructures ,2
studentsoftware.unimelb.edu.au,MATLAB installed,1
studentsoftware.unimelb.edu.au,View catalogue,1
diversity.eng.unimelb.edu.au,MSE Diversity and Inclusion Strategy,1
diversity.eng.unimelb.edu.au,diversity and inclusion,1
mag.alumni.unimelb.edu.au,Five questions … on the ‘bionic spine’ f,1
mag.alumni.unimelb.edu.au,3010: alumni magazine,1
www.economics.unimelb.edu.au,Department of Economics,2
employers.careersonline.unimelb.edu.au,Careers Online,2
access.unimelb.edu.au,Access Melbourne requirements,1
access.unimelb.edu.au,Access Melbourne,1
myuniapps.unimelb.edu.au,MyUniApps,1
myuniapps.unimelb.edu.au,myUniApps,1
precinct.finearts-music.unimelb.edu.au,Read the catalogue essay via Precinct.,1
precinct.finearts-music.unimelb.edu.au,Precinct,1
art2025.finearts-music.unimelb.edu.au,View now arrow-right,1
art2025.finearts-music.unimelb.edu.au,2025 VCA Graduate Catalougue,1
must.unimelb.edu.au,Union House Theatre,2
ourcampus.unimelb.edu.au,Old Quad,1
ourcampus.unimelb.edu.au,Fishermans Bend,1
coursesearch.unimelb.edu.au,minimum ATAR or equivalent overall perfo,2
gsbe.unimelb.edu.au,Graduate Programs in Commerce,2
learningandteaching.unimelb.edu.au,Attributes of the University of Melbourn,2
ba.unimelb.edu.au,http://ba.unimelb.edu.au/about/law-and-j,1
ba.unimelb.edu.au,Link,1
www.psychologicalsciences.unimelb.edu.au,http://www.psychologicalsciences.unimelb,2
elink_cd.unimelb.edu.au,"Campbell, MacDonald and Charlesworth 201",2
www.union.unimelb.edu.au,Melbourne University Student Union,2
law.app.unimelb.edu.au,Explore the Database,1
law.app.unimelb.edu.au,this project,1
apps.webofknowledge.com.ezp.lib.unimelb.edu.au,Sauerbruch   T,1
apps.webofknowledge.com.ezp.lib.unimelb.edu.au,Trebicka   J,1
www.gp.unimelb.edu.au,Data for Decisions website,2
academic-oup-com.ezp.lib.unimelb.edu.au,"Marshall, M. N. (1996). Sampling for qua",1
academic-oup-com.ezp.lib.unimelb.edu.au,"Kelly, M. (2009). The role of theory in ",1
dx.doi.org.ezp.lib.unimelb.edu.au,"Green, H. (2014) Use of theoretical and ",1
dx.doi.org.ezp.lib.unimelb.edu.au,"Rees, C. E., & Monrouxe, L. V. (2010). T",1
ashe.unimelb.edu.au,"Academy of Sport, Health and Education (",2
www.eng.unimelb.edu.au,The Melbourne School of Engineering,1
www.eng.unimelb.edu.au,http://www.eng.unimelb.edu.au,1
print.unimelb.edu.au,+Top up credit,2
brandhub.unimelb.edu.au,Visual Identity Guidelines,2
clinicalresearch.mdhs.unimelb.edu.au,Visit the platform,1
clinicalresearch.mdhs.unimelb.edu.au,Access the booking system,1
spirit.research.unimelb.edu.au,Space Industry – Responsive – Intelligen,1
spirit.research.unimelb.edu.au,SpIRIT nanosatellite mission,1
thud.msd.unimelb.edu.au,"Transport, Health and Urban Design Resea",1
thud.msd.unimelb.edu.au,analysis and modelling to assist decisio,1
science-enrichment-planner.unimelb.edu.au,The Science Enrichment Planner,1
science-enrichment-planner.unimelb.edu.au,Login now,1
amgenscholars.research.unimelb.edu.au,Amgen Scholars Program,2
cellularbiophysics.science.unimelb.edu.au,"Laboratory for Cellular Biophysics 
    ",2
murraylab.science.unimelb.edu.au,Murray Lab - Developmental Genetics of D,2
wallabase.science.unimelb.edu.au,Wallabase - Marsupial Reproductive Biolo,2
culturalastronomy.science.unimelb.edu.au,"Cultural and Indigenous Astronomy 
     ",2
optics.physics.unimelb.edu.au,"Atomic and Quantum Optics Group 
       ",2
particletheory.science.unimelb.edu.au,"Theoretical Particle Physics 
          ",2
exams.unimelb.edu.au,exam timetable system,2
jch.unimelb.edu.au,Janet Clarke Hall,2
queens.unimelb.edu.au,Queen's College,2
www.stmarys.unimelb.edu.au,St Mary's College,2
cie.eng.unimelb.edu.au,Creating Innovative Engineering subject,1
cie.eng.unimelb.edu.au,Creating Innovative Engineering,1
www.art-museum.unimelb.edu.au,Ian Potter Museum Website.,1
rest.neptune-prod.its.unimelb.edu.au,“Reviving the spirit of vernacular langu,1
www.austehc.unimelb.edu.au,Australian Science and Technology Herita,1
web.esrc.unimelb.edu.au,Comparative Regional Governance,1
canvasresources-prod.le.unimelb.edu.au,Archival Currency Converter 1916-1940,1
futureofwork.unimelb.edu.au,"Future of Work Lab 
             
      ",1
apjacm.arts.unimelb.edu.au,"""Creative Australia and the dispersal of",1
public-cultures.unimelb.edu.au,Research Unit in Public Cultures,1
slidelibrary.app.unimelb.edu.au,Search the image database,1
thesislibrary.app.unimelb.edu.au,Search the thesis database,1
booklibrary.app.unimelb.edu.au,Search the film database,1
repository.unimelb.edu.au,Digital Repository,1
www.agad.anzac.unimelb.edu.au,"Anzac Gallipoli Archaeology Database 
  ",1
www.mduphl.unimelb.edu.au,Microbiological Diagnostic Unit Public H,1
pgh.unimelb.edu.au,Professor Christopher Fairley,1
www.masig.biochem.unimelb.edu.au,click here,1
williams.chemistry.unimelb.edu.au,Prof Spencer Williams’ Laboratory,1
pcs.unimelb.edu.au,information about parking,1
www.chemeng.unimelb.edu.au,Caruso group,1
www.commercial.unimelb.edu.au,www.commercial.unimelb.edu.au,1
research.mdhs.unimelb.edu.au,An embarassing story on this can be foun,1
www.cshe.unimelb.edu.au,here,1
igr-lab.science.unimelb.edu.au,Gallego Romero Lab,1
orientation.unimelb.edu.au,Melbourne Orientation,1
portal.cpg.unimelb.edu.au,Access here,1
cancerres-aacrjournals-org.ezp.lib.unimelb.edu.au,Cancer Research,1
cymh.unimelb.edu.au,Centre for Youth Mental Health,1
thirdwavelab.education.unimelb.edu.au,Learn more,1
extranet.education.unimelb.edu.au,"Teaching Number in Middle Years 
       ",1
fac-preview.study.unimelb.edu.au,More about the Master of Mechanical Engi,1
jumpa.research.unimelb.edu.au,Jülich-University of Melbourne Postgradu,1
mcn.research.unimelb.edu.au,Melbourne-CNRS Network,1
mipa.unimelb.edu.au,Melbourne India Postgraduate Academy,1
mmgrg.research.unimelb.edu.au,Melbourne and Manchester Graduate Resear,1
studenteforms.app.unimelb.edu.au,Melbourne Mobility Awards,1
lab-status.unimelb.edu.au,link,1
www.campaign.unimelb.edu.au,"UK, US, or Canada",1
docs.cloud.unimelb.edu.au,Melbourne Research Cloud,1
jobs.staff.unimelb.edu.au,Current opportunities,1
hfv-map.melbourneinstitute.unimelb.edu.au,Frontier Wars Dataset (FWD),1
fbeengagementplanner.unimelb.edu.au,"Find enrichment opportunities 
         ",1
ecommerce.fbe.unimelb.edu.au,Book now,1
bdbprofiles.melbourneinstitute.unimelb.edu.au,Breaking Down Barriers Community Profile,1
researchers.ms.unimelb.edu.au,Murray Aitkin,1
spaceinfo.staff.unimelb.edu.au,MazeMap App,1
ffam-mcm.app.unimelb.edu.au,Exam Timetables webpage,1
contextjournal.music.unimelb.edu.au,Context: A Journal of Music ResearchCont,1
concertclass.mcm.unimelb.edu.au,Concert Class Application (Practical Mus,1
performanceclass.mcm.unimelb.edu.au,Performance Class Application (Performan,1
art2022.finearts-music.unimelb.edu.au,"Godless Choir by Liana Prosia, Bachelor ",1
designproduction2024.finearts-music.unimelb.edu.au,VCA Design and Production 2024Immerse yo,1
mlg.finearts-music.unimelb.edu.au,Visit our public program page to find ou,1
eolnetwork.unimelb.edu.au,Louise Hanson-Dyer and Editions de l’Ois,1
designproduction2023.finearts-music.unimelb.edu.au,VCA Design and Production 2023Immerse yo,1
directory.unimelb.edu.au,Find a staff member,1
engagement.unimelb.edu.au,Engagement,1
mediaflux.researchsoftware.unimelb.edu.au,Access Archive,1
www.murrupbarak.unimelb.edu.au,Visit the Murrup Barak webpage,1
audspeech.healthsciences.unimelb.edu.au,Speech Pathology,1
app.lms.unimelb.edu.au,law.unimelb.edu.au,1
previous.handbook.unimelb.edu.au,Handbook archive.,1
courses.science.unimelb.edu.au,http://courses.science.unimelb.edu.au/st,1
www.socialwork.unimelb.edu.au,http://www.socialwork.unimelb.edu.au/,1
apps.law.unimelb.edu.au,Download audio recording,1
legaltheory.law.unimelb.edu.au,Legal Theory Workshop,1
asiainstitute.unimelb.edu.au,Asia Institute,1
collision.unimelb.edu.au,Where ideas collideThe Universe Within i,1
www.scc.ms.unimelb.edu.au,Statistical Consulting Centre,1
www.gsa.unimelb.edu.au,Graduate Student Association,1
link-springer-com.ezp.lib.unimelb.edu.au,https://link-springer-com.ezp.lib.unimel,1
paedacademy.medicine.unimelb.edu.au,The Paediatric Academy,1
donnelly.chemistry.unimelb.edu.au,Chemistry,1
www-tandfonline-com.ezp.lib.unimelb.edu.au,"Braun, V., & Clarke, V. (2006). Using th",1
www.jstor.org.ezp.lib.unimelb.edu.au,"Pope, C., Ziebland, S., & Mays, N. (2000",1
www.lib.unimelb.edu.au,http://www.lib.unimelb.edu.au/collection,1
www.socialequity.unimelb.edu.au,All Being Equal podcast (Melbourne Socia,1
www.csec.esrc.unimelb.edu.au,A selection of photos from Cross Section,1
smartvillageslab.msd.unimelb.edu.au,Smart Villages Lab,1
www.msd.unimelb.edu.au,https://www.msd.unimelb.edu.au/assemblys,1
sudo.eresearch.unimelb.edu.au,Spatial Urban Data Observatory,1
www.ado.eresearch.unimelb.edu.au,Australian Digital Observatory,1
www.eresearch.unimelb.edu.au,Visit the platform,1
capim.unimelb.edu.au,Centre for Anthropogenic Pollution Impac,1
girg.science.unimelb.edu.au,Green Infrastructure Research Group,1
projects.eng.unimelb.edu.au,Scalable Microscopic Adaptive Road Traff,1
woodymeadow.unimelb.edu.au,low-cost green infrastructure,1
earthsci.unimelb.edu.au,School of Earth Sciences,1
research.finearts-music.unimelb.edu.au,Research Unit for Indigenous Arts and Cu,1
art2021.finearts-music.unimelb.edu.au,VCA ART 2021 | Natalie Mather (unimelb.e,1
chemicalanalysis.unimelb.edu.au,Visit the platform,1
www.aii.unimelb.edu.au,India Week 2021,1
pf-fire.science.unimelb.edu.au,Past Fire Frequency and Intensity Recons,1
mediaspace.unimelb.edu.au,Navigating the University Handbook,1
internationalstudenttravelpass.unimelb.edu.au,University ISTP portal,1
www.queens.unimelb.edu.au,Queen's College Medicine Scholarships,1
cedrr.le.unimelb.edu.au,CEDRR,1
credit.futurestudents.unimelb.edu.au,Open the credit calculator,1
medleyhall.unimelb.edu.au,Wilam Hall,1
ihouse.unimelb.edu.au,International House,1
