src_domain,dst_domain,contextual_links
msd.unimelb.edu.au,students.unimelb.edu.au,8069
study.unimelb.edu.au,handbook.unimelb.edu.au,4391
handbook.unimelb.edu.au,www.unimelb.edu.au,2964
arts.unimelb.edu.au,findanexpert.unimelb.edu.au,2845
handbook.unimelb.edu.au,about.unimelb.edu.au,2479
education.unimelb.edu.au,gradresearch.unimelb.edu.au,1972
mdhs.unimelb.edu.au,gradresearch.unimelb.edu.au,1882
medicine.unimelb.edu.au,findanexpert.unimelb.edu.au,1806
msd.unimelb.edu.au,www.unimelb.edu.au,1772
study.unimelb.edu.au,forms.your.unimelb.edu.au,1493
biomedicalsciences.unimelb.edu.au,findanexpert.unimelb.edu.au,1479
msd.unimelb.edu.au,services.unimelb.edu.au,1228
handbook.unimelb.edu.au,students.unimelb.edu.au,1193
law.unimelb.edu.au,handbook.unimelb.edu.au,1147
medicine.unimelb.edu.au,mdhs.unimelb.edu.au,1058
biomedicalsciences.unimelb.edu.au,mdhs.unimelb.edu.au,971
msd.unimelb.edu.au,study.unimelb.edu.au,928
eng.unimelb.edu.au,findanexpert.unimelb.edu.au,847
eng.unimelb.edu.au,staff.unimelb.edu.au,838
eng.unimelb.edu.au,giving.unimelb.edu.au,835
msd.unimelb.edu.au,research.unimelb.edu.au,834
research.unimelb.edu.au,pursuit.unimelb.edu.au,817
research.unimelb.edu.au,findanexpert.unimelb.edu.au,780
msd.unimelb.edu.au,handbook.unimelb.edu.au,778
msd.unimelb.edu.au,staff.unimelb.edu.au,729
msd.unimelb.edu.au,policy.unimelb.edu.au,634
biomedicalsciences.unimelb.edu.au,www.findanexpert.unimelb.edu.au,624
fbe.unimelb.edu.au,findanexpert.unimelb.edu.au,624
msd.unimelb.edu.au,murrupbarak.unimelb.edu.au,614
msd.unimelb.edu.au,gateway.research.unimelb.edu.au,612
medicine.unimelb.edu.au,study.unimelb.edu.au,604
education.unimelb.edu.au,study.unimelb.edu.au,545
msd.unimelb.edu.au,findanexpert.unimelb.edu.au,541
arts.unimelb.edu.au,study.unimelb.edu.au,531
research.unimelb.edu.au,www.unimelb.edu.au,515
education.unimelb.edu.au,findanexpert.unimelb.edu.au,511
medicine.unimelb.edu.au,www.findanexpert.unimelb.edu.au,499
handbook.unimelb.edu.au,safety.unimelb.edu.au,493
handbook.unimelb.edu.au,archive.handbook.unimelb.edu.au,489
law.unimelb.edu.au,indonesiaatmelbourne.unimelb.edu.au,480
students.unimelb.edu.au,ask.unimelb.edu.au,444
biomedicalsciences.unimelb.edu.au,study.unimelb.edu.au,439
study.unimelb.edu.au,scholarships.unimelb.edu.au,411
finearts-music.unimelb.edu.au,findanexpert.unimelb.edu.au,401
finearts-music.unimelb.edu.au,handbook.unimelb.edu.au,374
study.unimelb.edu.au,students.unimelb.edu.au,373
medicine.unimelb.edu.au,scholarships.unimelb.edu.au,325
research.unimelb.edu.au,study.unimelb.edu.au,320
arts.unimelb.edu.au,handbook.unimelb.edu.au,315
students.unimelb.edu.au,services.unimelb.edu.au,290
law.unimelb.edu.au,study.unimelb.edu.au,287
arts.unimelb.edu.au,blogs.unimelb.edu.au,284
education.unimelb.edu.au,students.unimelb.edu.au,275
fbe.unimelb.edu.au,study.unimelb.edu.au,271
students.unimelb.edu.au,forms.your.unimelb.edu.au,260
study.unimelb.edu.au,policy.unimelb.edu.au,260
law.unimelb.edu.au,asialink.unimelb.edu.au,255
eng.unimelb.edu.au,research.unimelb.edu.au,251
fbe.unimelb.edu.au,minerva-elements.unimelb.edu.au,240
research.unimelb.edu.au,socialequity.unimelb.edu.au,236
eng.unimelb.edu.au,about.unimelb.edu.au,234
research.unimelb.edu.au,about.unimelb.edu.au,226
law.unimelb.edu.au,findanexpert.unimelb.edu.au,225
eng.unimelb.edu.au,students.unimelb.edu.au,224
eng.unimelb.edu.au,sustainablecampus.unimelb.edu.au,224
eng.unimelb.edu.au,microscopy.unimelb.edu.au,223
handbook.unimelb.edu.au,study.unimelb.edu.au,223
finearts-music.unimelb.edu.au,study.unimelb.edu.au,222
finearts-music.unimelb.edu.au,scholarships.unimelb.edu.au,221
mdhs.unimelb.edu.au,findanexpert.unimelb.edu.au,202
research.unimelb.edu.au,eng.unimelb.edu.au,200
fbe.unimelb.edu.au,mbs.unimelb.edu.au,198
mdhs.unimelb.edu.au,www.unimelb.edu.au,198
arts.unimelb.edu.au,students.unimelb.edu.au,191
students.unimelb.edu.au,my.unimelb.edu.au,187
students.unimelb.edu.au,handbook.unimelb.edu.au,179
mdhs.unimelb.edu.au,students.unimelb.edu.au,175
eng.unimelb.edu.au,pursuit.unimelb.edu.au,170
study.unimelb.edu.au,finearts-music.unimelb.edu.au,161
education.unimelb.edu.au,scholarships.unimelb.edu.au,150
arts.unimelb.edu.au,www.findanexpert.unimelb.edu.au,147
education.unimelb.edu.au,handbook.unimelb.edu.au,146
mdhs.unimelb.edu.au,research.unimelb.edu.au,146
biomedicalsciences.unimelb.edu.au,handbook.unimelb.edu.au,145
mdhs.unimelb.edu.au,medicine.unimelb.edu.au,145
finearts-music.unimelb.edu.au,maps.unimelb.edu.au,144
students.unimelb.edu.au,policy.unimelb.edu.au,143
study.unimelb.edu.au,services.unimelb.edu.au,143
eng.unimelb.edu.au,study.unimelb.edu.au,142
mdhs.unimelb.edu.au,services.unimelb.edu.au,141
science.unimelb.edu.au,safes.unimelb.edu.au,135
study.unimelb.edu.au,law.unimelb.edu.au,133
fbe.unimelb.edu.au,handbook.unimelb.edu.au,131
fbe.unimelb.edu.au,students.unimelb.edu.au,131
biomedicalsciences.unimelb.edu.au,students.unimelb.edu.au,130
eng.unimelb.edu.au,scholarships.unimelb.edu.au,129
science.unimelb.edu.au,findanexpert.unimelb.edu.au,127
science.unimelb.edu.au,scholarships.unimelb.edu.au,127
medicine.unimelb.edu.au,www.unimelb.edu.au,126
students.unimelb.edu.au,study.unimelb.edu.au,125
eng.unimelb.edu.au,www.unimelb.edu.au,120
mdhs.unimelb.edu.au,study.unimelb.edu.au,117
msd.unimelb.edu.au,pursuit.unimelb.edu.au,115
eng.unimelb.edu.au,sites.research.unimelb.edu.au,113
arts.unimelb.edu.au,maps.unimelb.edu.au,112
biomedicalsciences.unimelb.edu.au,search.unimelb.edu.au,109
law.unimelb.edu.au,scholarships.unimelb.edu.au,109
www.unimelb.edu.au,events.unimelb.edu.au,108
study.unimelb.edu.au,findanexpert.unimelb.edu.au,104
study.unimelb.edu.au,www.unimelb.edu.au,103
finearts-music.unimelb.edu.au,events.unimelb.edu.au,102
law.unimelb.edu.au,events.unimelb.edu.au,102
mbs.unimelb.edu.au,fbe.unimelb.edu.au,102
mdhs.unimelb.edu.au,biomedicalsciences.unimelb.edu.au,102
arts.unimelb.edu.au,pursuit.unimelb.edu.au,100
education.unimelb.edu.au,services.unimelb.edu.au,99
law.unimelb.edu.au,students.unimelb.edu.au,99
eng.unimelb.edu.au,infrastructure.eng.unimelb.edu.au,98
mdhs.unimelb.edu.au,about.unimelb.edu.au,98
arts.unimelb.edu.au,www.unimelb.edu.au,97
medicine.unimelb.edu.au,handbook.unimelb.edu.au,95
mdhs.unimelb.edu.au,psychologicalsciences.unimelb.edu.au,94
biomedicalsciences.unimelb.edu.au,about.unimelb.edu.au,93
mdhs.unimelb.edu.au,scholarships.unimelb.edu.au,92
study.unimelb.edu.au,science.unimelb.edu.au,92
research.unimelb.edu.au,indigenousknowledge.unimelb.edu.au,90
students.unimelb.edu.au,maps.unimelb.edu.au,90
fbe.unimelb.edu.au,scholarships.unimelb.edu.au,88
finearts-music.unimelb.edu.au,pursuit.unimelb.edu.au,88
fbe.unimelb.edu.au,melbourneinstitute.unimelb.edu.au,87
finearts-music.unimelb.edu.au,www.unimelb.edu.au,86
mdhs.unimelb.edu.au,gsa.unimelb.edu.au,86
arts.unimelb.edu.au,scholarships.unimelb.edu.au,85
mdhs.unimelb.edu.au,umsu.unimelb.edu.au,85
arts.unimelb.edu.au,events.unimelb.edu.au,84
research.unimelb.edu.au,gateway.research.unimelb.edu.au,83
arts.unimelb.edu.au,about.unimelb.edu.au,82
fbe.unimelb.edu.au,www.unimelb.edu.au,81
finearts-music.unimelb.edu.au,vca.unimelb.edu.au,81
education.unimelb.edu.au,gsa.unimelb.edu.au,80
arts.unimelb.edu.au,umsu.unimelb.edu.au,79
students.unimelb.edu.au,studyos.students.unimelb.edu.au,79
study.unimelb.edu.au,murrupbarak.unimelb.edu.au,79
fbe.unimelb.edu.au,q.surveys.unimelb.edu.au,78
students.unimelb.edu.au,sustainablecampus.unimelb.edu.au,77
services.unimelb.edu.au,students.unimelb.edu.au,76
education.unimelb.edu.au,umsu.unimelb.edu.au,75
mdhs.unimelb.edu.au,mspgh.unimelb.edu.au,75
study.unimelb.edu.au,mdhs.unimelb.edu.au,75
biomedicalsciences.unimelb.edu.au,staff.unimelb.edu.au,74
mdhs.unimelb.edu.au,healthsciences.unimelb.edu.au,74
scholarships.unimelb.edu.au,study.unimelb.edu.au,74
msd.unimelb.edu.au,search.unimelb.edu.au,73
biomedicalsciences.unimelb.edu.au,www.unimelb.edu.au,72
fbe.unimelb.edu.au,search.unimelb.edu.au,72
study.unimelb.edu.au,education.unimelb.edu.au,72
research.unimelb.edu.au,science.unimelb.edu.au,69
arts.unimelb.edu.au,studyos.students.unimelb.edu.au,68
mdhs.unimelb.edu.au,genomic-cancer-medicine.unimelb.edu.au,68
education.unimelb.edu.au,pursuit.unimelb.edu.au,67
mdhs.unimelb.edu.au,gateway.research.unimelb.edu.au,67
mdhs.unimelb.edu.au,dental.unimelb.edu.au,67
students.unimelb.edu.au,ecommerce.unimelb.edu.au,67
science.unimelb.edu.au,students.unimelb.edu.au,64
students.unimelb.edu.au,www.unimelb.edu.au,64
education.unimelb.edu.au,gateway.research.unimelb.edu.au,63
finearts-music.unimelb.edu.au,students.unimelb.edu.au,63
education.unimelb.edu.au,policy.unimelb.edu.au,62
students.unimelb.edu.au,safercommunity.unimelb.edu.au,62
dental.unimelb.edu.au,study.unimelb.edu.au,61
eng.unimelb.edu.au,handbook.unimelb.edu.au,60
finearts-music.unimelb.edu.au,www.findanexpert.unimelb.edu.au,60
science.unimelb.edu.au,sgeas.unimelb.edu.au,60
students.unimelb.edu.au,library.unimelb.edu.au,60
students.unimelb.edu.au,gradresearch.unimelb.edu.au,60
research.unimelb.edu.au,arts.unimelb.edu.au,59
law.unimelb.edu.au,pursuit.unimelb.edu.au,58
research.unimelb.edu.au,energy.unimelb.edu.au,58
education.unimelb.edu.au,www.unimelb.edu.au,56
law.unimelb.edu.au,www.unimelb.edu.au,56
mdhs.unimelb.edu.au,search.unimelb.edu.au,56
research.unimelb.edu.au,law.unimelb.edu.au,56
students.unimelb.edu.au,about.unimelb.edu.au,56
students.unimelb.edu.au,studentit.unimelb.edu.au,55
finearts-music.unimelb.edu.au,cm.edm.unimelb.edu.au,53
research.unimelb.edu.au,finearts-music.unimelb.edu.au,51
eng.unimelb.edu.au,umsu.unimelb.edu.au,50
mdhs.unimelb.edu.au,pursuit.unimelb.edu.au,50
science.unimelb.edu.au,mvs.unimelb.edu.au,50
mdhs.unimelb.edu.au,murrupbarak.unimelb.edu.au,49
students.unimelb.edu.au,umsu.unimelb.edu.au,49
study.unimelb.edu.au,msd.unimelb.edu.au,49
handbook.unimelb.edu.au,forms.your.unimelb.edu.au,48
study.unimelb.edu.au,vca.unimelb.edu.au,48
eng.unimelb.edu.au,energy.unimelb.edu.au,47
medicine.unimelb.edu.au,ecommerce.unimelb.edu.au,47
research.unimelb.edu.au,scholarships.unimelb.edu.au,47
research.unimelb.edu.au,mdhs.unimelb.edu.au,47
study.unimelb.edu.au,bookings.events.unimelb.edu.au,47
study.unimelb.edu.au,online.unimelb.edu.au,47
study.unimelb.edu.au,mspace.unimelb.edu.au,47
finearts-music.unimelb.edu.au,forms.your.unimelb.edu.au,46
www.unimelb.edu.au,shop.unimelb.edu.au,46
msd.unimelb.edu.au,edsc.unimelb.edu.au,45
students.unimelb.edu.au,catalog.lms.unimelb.edu.au,45
scholarships.unimelb.edu.au,go.unimelb.edu.au,44
science.unimelb.edu.au,www.unimelb.edu.au,44
eng.unimelb.edu.au,chemical.eng.unimelb.edu.au,43
handbook.unimelb.edu.au,arts.unimelb.edu.au,43
students.unimelb.edu.au,q.surveys.unimelb.edu.au,43
biomedicalsciences.unimelb.edu.au,pursuit.unimelb.edu.au,42
education.unimelb.edu.au,go.unimelb.edu.au,42
handbook.unimelb.edu.au,policy.unimelb.edu.au,41
law.unimelb.edu.au,secure.alumni.unimelb.edu.au,41
dental.unimelb.edu.au,mdhs.unimelb.edu.au,40
finearts-music.unimelb.edu.au,mcm.unimelb.edu.au,40
medicine.unimelb.edu.au,search.unimelb.edu.au,40
msd.unimelb.edu.au,about.unimelb.edu.au,40
science.unimelb.edu.au,ms.unimelb.edu.au,40
education.unimelb.edu.au,research.unimelb.edu.au,39
fbe.unimelb.edu.au,services.unimelb.edu.au,39
mdhs.unimelb.edu.au,policy.unimelb.edu.au,39
science.unimelb.edu.au,physics.unimelb.edu.au,39
science.unimelb.edu.au,blogs.unimelb.edu.au,39
study.unimelb.edu.au,umsu.unimelb.edu.au,39
eng.unimelb.edu.au,minerva-access.unimelb.edu.au,38
eng.unimelb.edu.au,cis.unimelb.edu.au,38
mdhs.unimelb.edu.au,events.unimelb.edu.au,38
scholarships.unimelb.edu.au,futurestudents.unimelb.edu.au,38
education.unimelb.edu.au,forms.your.unimelb.edu.au,37
education.unimelb.edu.au,ask.unimelb.edu.au,37
research.unimelb.edu.au,msd.unimelb.edu.au,37
students.unimelb.edu.au,lms.unimelb.edu.au,37
study.unimelb.edu.au,arts.unimelb.edu.au,37
msd.unimelb.edu.au,lms.unimelb.edu.au,36
research.unimelb.edu.au,library.unimelb.edu.au,36
education.unimelb.edu.au,library.unimelb.edu.au,35
eng.unimelb.edu.au,your.unimelb.edu.au,35
eng.unimelb.edu.au,events.unimelb.edu.au,35
fbe.unimelb.edu.au,maps.unimelb.edu.au,35
mdhs.unimelb.edu.au,poche.mdhs.unimelb.edu.au,35
study.unimelb.edu.au,medicine.unimelb.edu.au,35
www.unimelb.edu.au,edsc.unimelb.edu.au,35
science.unimelb.edu.au,biosciences.unimelb.edu.au,34
study.unimelb.edu.au,eng.unimelb.edu.au,34
education.unimelb.edu.au,studentit.unimelb.edu.au,33
finearts-music.unimelb.edu.au,blogs.unimelb.edu.au,33
science.unimelb.edu.au,study.unimelb.edu.au,33
education.unimelb.edu.au,minerva-elements.unimelb.edu.au,32
eng.unimelb.edu.au,maps.unimelb.edu.au,32
medicine.unimelb.edu.au,about.unimelb.edu.au,32
arts.unimelb.edu.au,gradresearch.unimelb.edu.au,31
eng.unimelb.edu.au,biomedical.eng.unimelb.edu.au,31
law.unimelb.edu.au,forms.your.unimelb.edu.au,30
mdhs.unimelb.edu.au,safercommunity.unimelb.edu.au,30
mdhs.unimelb.edu.au,studentit.unimelb.edu.au,30
research.unimelb.edu.au,students.unimelb.edu.au,30
research.unimelb.edu.au,sites.research.unimelb.edu.au,30
biomedicalsciences.unimelb.edu.au,www.bio21.unimelb.edu.au,29
fbe.unimelb.edu.au,umsu.unimelb.edu.au,29
science.unimelb.edu.au,pursuit.unimelb.edu.au,29
study.unimelb.edu.au,mspgh.unimelb.edu.au,29
arts.unimelb.edu.au,search.unimelb.edu.au,28
biomedicalsciences.unimelb.edu.au,forms.your.unimelb.edu.au,28
fbe.unimelb.edu.au,cat.lib.unimelb.edu.au,28
mdhs.unimelb.edu.au,ask.unimelb.edu.au,28
research.unimelb.edu.au,mspgh.unimelb.edu.au,28
students.unimelb.edu.au,scholarships.unimelb.edu.au,28
www.unimelb.edu.au,study.unimelb.edu.au,28
arts.unimelb.edu.au,giving.unimelb.edu.au,27
biomedicalsciences.unimelb.edu.au,unimelb.edu.au,27
biomedicalsciences.unimelb.edu.au,events.unimelb.edu.au,27
finearts-music.unimelb.edu.au,ecommerce.unimelb.edu.au,27
law.unimelb.edu.au,gradresearch.unimelb.edu.au,27
mdhs.unimelb.edu.au,melbourne-cshe.unimelb.edu.au,27
research.unimelb.edu.au,medicine.unimelb.edu.au,27
students.unimelb.edu.au,canvas.lms.unimelb.edu.au,27
study.unimelb.edu.au,your.unimelb.edu.au,27
arts.unimelb.edu.au,research.unimelb.edu.au,26
finearts-music.unimelb.edu.au,about.unimelb.edu.au,26
law.unimelb.edu.au,lms.unimelb.edu.au,26
mbs.unimelb.edu.au,students.unimelb.edu.au,26
science.unimelb.edu.au,events.unimelb.edu.au,26
services.unimelb.edu.au,www.unimelb.edu.au,26
study.unimelb.edu.au,research.unimelb.edu.au,26
biomedicalsciences.unimelb.edu.au,research.unimelb.edu.au,25
handbook.unimelb.edu.au,ask.unimelb.edu.au,25
medicine.unimelb.edu.au,pursuit.unimelb.edu.au,25
research.unimelb.edu.au,fbe.unimelb.edu.au,25
study.unimelb.edu.au,matrix-cms.unimelb.edu.au,25
eng.unimelb.edu.au,electrical.eng.unimelb.edu.au,24
eng.unimelb.edu.au,studentit.unimelb.edu.au,24
fbe.unimelb.edu.au,pursuit.unimelb.edu.au,24
law.unimelb.edu.au,canvas.lms.unimelb.edu.au,24
mdhs.unimelb.edu.au,www.findanexpert.unimelb.edu.au,24
mdhs.unimelb.edu.au,library.unimelb.edu.au,24
medicine.unimelb.edu.au,staff.unimelb.edu.au,24
research.unimelb.edu.au,disability.unimelb.edu.au,24
study.unimelb.edu.au,fbe.unimelb.edu.au,24
www.unimelb.edu.au,about.unimelb.edu.au,24
www.unimelb.edu.au,students.unimelb.edu.au,24
arts.unimelb.edu.au,cms.unimelb.edu.au,23
education.unimelb.edu.au,safercommunity.unimelb.edu.au,23
handbook.unimelb.edu.au,mdhs-study.unimelb.edu.au,23
medicine.unimelb.edu.au,genomic-cancer-medicine.unimelb.edu.au,23
research.unimelb.edu.au,gradresearch.unimelb.edu.au,23
students.unimelb.edu.au,academicintegrity.unimelb.edu.au,23
students.unimelb.edu.au,law.unimelb.edu.au,23
study.unimelb.edu.au,www.colleges.unimelb.edu.au,23
dental.unimelb.edu.au,www.unimelb.edu.au,22
fbe.unimelb.edu.au,about.unimelb.edu.au,22
finearts-music.unimelb.edu.au,sso.unimelb.edu.au,22
law.unimelb.edu.au,q.surveys.unimelb.edu.au,22
mdhs.unimelb.edu.au,sso.unimelb.edu.au,22
research.unimelb.edu.au,biodiversity.unimelb.edu.au,22
students.unimelb.edu.au,careersonline.unimelb.edu.au,22
dental.unimelb.edu.au,findanexpert.unimelb.edu.au,21
eng.unimelb.edu.au,q.surveys.unimelb.edu.au,21
law.unimelb.edu.au,policy.unimelb.edu.au,21
medicine.unimelb.edu.au,students.unimelb.edu.au,21
msd.unimelb.edu.au,sites.research.unimelb.edu.au,21
msd.unimelb.edu.au,acahuch.msd.unimelb.edu.au,21
www.unimelb.edu.au,mentoring.unimelb.edu.au,21
arts.unimelb.edu.au,biodiversity.unimelb.edu.au,20
education.unimelb.edu.au,about.unimelb.edu.au,20
eng.unimelb.edu.au,services.unimelb.edu.au,20
fbe.unimelb.edu.au,gradresearch.unimelb.edu.au,20
handbook.unimelb.edu.au,finearts-music.unimelb.edu.au,20
arts.unimelb.edu.au,ecommerce.unimelb.edu.au,19
biomedicalsciences.unimelb.edu.au,gateway.research.unimelb.edu.au,19
eng.unimelb.edu.au,gradresearch.unimelb.edu.au,19
eng.unimelb.edu.au,science.unimelb.edu.au,19
mdhs.unimelb.edu.au,staff.unimelb.edu.au,19
msd.unimelb.edu.au,cms.unimelb.edu.au,19
msd.unimelb.edu.au,scholarships.unimelb.edu.au,19
research.unimelb.edu.au,cis.unimelb.edu.au,19
students.unimelb.edu.au,murrupbarak.unimelb.edu.au,19
study.unimelb.edu.au,mentoring.unimelb.edu.au,19
medicine.unimelb.edu.au,forms.your.unimelb.edu.au,18
medicine.unimelb.edu.au,mdhs-study.unimelb.edu.au,18
research.unimelb.edu.au,education.unimelb.edu.au,18
science.unimelb.edu.au,gradresearch.unimelb.edu.au,18
students.unimelb.edu.au,finearts-music.unimelb.edu.au,18
study.unimelb.edu.au,ms.unimelb.edu.au,18
www.unimelb.edu.au,cms.unimelb.edu.au,18
education.unimelb.edu.au,lms.unimelb.edu.au,17
handbook.unimelb.edu.au,law.unimelb.edu.au,17
handbook.unimelb.edu.au,gradresearch.unimelb.edu.au,17
law.unimelb.edu.au,services.unimelb.edu.au,17
scholarships.unimelb.edu.au,gradresearch.unimelb.edu.au,17
students.unimelb.edu.au,fbe.unimelb.edu.au,17
students.unimelb.edu.au,science.unimelb.edu.au,17
students.unimelb.edu.au,go.unimelb.edu.au,17
study.unimelb.edu.au,about.unimelb.edu.au,17
study.unimelb.edu.au,purchase.study.unimelb.edu.au,17
study.unimelb.edu.au,edsc.unimelb.edu.au,17
arts.unimelb.edu.au,ask.unimelb.edu.au,16
arts.unimelb.edu.au,forms.your.unimelb.edu.au,16
education.unimelb.edu.au,maps.unimelb.edu.au,16
eng.unimelb.edu.au,cms.unimelb.edu.au,16
eng.unimelb.edu.au,clarkinstitute.unimelb.edu.au,16
fbe.unimelb.edu.au,events.unimelb.edu.au,16
fbe.unimelb.edu.au,www.economics-experiments.unimelb.edu.au,16
handbook.unimelb.edu.au,www.services.unimelb.edu.au,16
handbook.unimelb.edu.au,services.unimelb.edu.au,16
mbs.unimelb.edu.au,handbook.unimelb.edu.au,16
mdhs.unimelb.edu.au,cm.edm.unimelb.edu.au,16
medicine.unimelb.edu.au,gradresearch.unimelb.edu.au,16
msd.unimelb.edu.au,maps.unimelb.edu.au,16
msd.unimelb.edu.au,ms-kb.msd.unimelb.edu.au,16
scholarships.unimelb.edu.au,students.unimelb.edu.au,16
students.unimelb.edu.au,blogs.unimelb.edu.au,16
www.unimelb.edu.au,mdhs.unimelb.edu.au,16
dental.unimelb.edu.au,ecommerce.unimelb.edu.au,15
eng.unimelb.edu.au,endeavour.unimelb.edu.au,15
eng.unimelb.edu.au,bookings.events.unimelb.edu.au,15
eng.unimelb.edu.au,careersonline.unimelb.edu.au,15
eng.unimelb.edu.au,mechanical.eng.unimelb.edu.au,15
fbe.unimelb.edu.au,policy.unimelb.edu.au,15
law.unimelb.edu.au,giving.unimelb.edu.au,15
law.unimelb.edu.au,ask.unimelb.edu.au,15
msd.unimelb.edu.au,forms.your.unimelb.edu.au,15
research.unimelb.edu.au,biomedicalsciences.unimelb.edu.au,15
research.unimelb.edu.au,policy.unimelb.edu.au,15
students.unimelb.edu.au,gsa.unimelb.edu.au,15
students.unimelb.edu.au,edsc.unimelb.edu.au,15
students.unimelb.edu.au,arts.unimelb.edu.au,15
students.unimelb.edu.au,biomedicalsciences.unimelb.edu.au,15
students.unimelb.edu.au,bookings.events.unimelb.edu.au,15
arts.unimelb.edu.au,policy.unimelb.edu.au,14
dental.unimelb.edu.au,handbook.unimelb.edu.au,14
handbook.unimelb.edu.au,languages-linguistics.unimelb.edu.au,14
handbook.unimelb.edu.au,futurestudents.unimelb.edu.au,14
law.unimelb.edu.au,my.unimelb.edu.au,14
mdhs.unimelb.edu.au,sport.unimelb.edu.au,14
msd.unimelb.edu.au,le.unimelb.edu.au,14
science.unimelb.edu.au,www.bio21.unimelb.edu.au,14
students.unimelb.edu.au,sport.unimelb.edu.au,14
arts.unimelb.edu.au,services.unimelb.edu.au,13
arts.unimelb.edu.au,library.unimelb.edu.au,13
biomedicalsciences.unimelb.edu.au,harrybrookesallenmuseum.mdhs.unimelb.edu.au,13
eng.unimelb.edu.au,ask.unimelb.edu.au,13
finearts-music.unimelb.edu.au,research.unimelb.edu.au,13
law.unimelb.edu.au,electionwatch.unimelb.edu.au,13
mdhs.unimelb.edu.au,giving.unimelb.edu.au,13
mdhs.unimelb.edu.au,unimelb.edu.au,13
mdhs.unimelb.edu.au,lms.unimelb.edu.au,13
medicine.unimelb.edu.au,medicalhistorymuseum.mdhs.unimelb.edu.au,13
msd.unimelb.edu.au,minerva-access.unimelb.edu.au,13
msd.unimelb.edu.au,bowerstudio.msd.unimelb.edu.au,13
students.unimelb.edu.au,accounts.unimelb.edu.au,13
study.unimelb.edu.au,ask.unimelb.edu.au,13
study.unimelb.edu.au,pursuit.unimelb.edu.au,13
education.unimelb.edu.au,q.surveys.unimelb.edu.au,12
eng.unimelb.edu.au,www.findanexpert.unimelb.edu.au,12
eng.unimelb.edu.au,policy.unimelb.edu.au,12
fbe.unimelb.edu.au,minerva-access.unimelb.edu.au,12
fbe.unimelb.edu.au,careersonline.unimelb.edu.au,12
fbe.unimelb.edu.au,go.unimelb.edu.au,12
finearts-music.unimelb.edu.au,services.unimelb.edu.au,12
handbook.unimelb.edu.au,www.asiainstitute.unimelb.edu.au,12
handbook.unimelb.edu.au,shaps.unimelb.edu.au,12
mdhs.unimelb.edu.au,cms.unimelb.edu.au,12
medicine.unimelb.edu.au,cms.unimelb.edu.au,12
medicine.unimelb.edu.au,go.unimelb.edu.au,12
medicine.unimelb.edu.au,research.unimelb.edu.au,12
msd.unimelb.edu.au,melbourne-cshe.unimelb.edu.au,12
msd.unimelb.edu.au,ms-training.msd.unimelb.edu.au,12
research.unimelb.edu.au,poche.mdhs.unimelb.edu.au,12
research.unimelb.edu.au,infrastructure.eng.unimelb.edu.au,12
science.unimelb.edu.au,about.unimelb.edu.au,12
students.unimelb.edu.au,search.unimelb.edu.au,12
study.unimelb.edu.au,mcm.unimelb.edu.au,12
arts.unimelb.edu.au,q.surveys.unimelb.edu.au,11
biomedicalsciences.unimelb.edu.au,services.unimelb.edu.au,11
biomedicalsciences.unimelb.edu.au,mdhs-study.unimelb.edu.au,11
education.unimelb.edu.au,blogs.unimelb.edu.au,11
education.unimelb.edu.au,cms.unimelb.edu.au,11
fbe.unimelb.edu.au,staff.unimelb.edu.au,11
handbook.unimelb.edu.au,www.culture-communication.unimelb.edu.au,11
law.unimelb.edu.au,cms.unimelb.edu.au,11
law.unimelb.edu.au,research.unimelb.edu.au,11
msd.unimelb.edu.au,academicintegrity.unimelb.edu.au,11
research.unimelb.edu.au,services.unimelb.edu.au,11
research.unimelb.edu.au,electrical.eng.unimelb.edu.au,11
science.unimelb.edu.au,sites.research.unimelb.edu.au,11
students.unimelb.edu.au,specialconsideration.app.unimelb.edu.au,11
study.unimelb.edu.au,unimelb.edu.au,11
study.unimelb.edu.au,biomedicalsciences.unimelb.edu.au,11
www.unimelb.edu.au,science.unimelb.edu.au,11
arts.unimelb.edu.au,staff.unimelb.edu.au,10
arts.unimelb.edu.au,my.unimelb.edu.au,10
arts.unimelb.edu.au,careersonline.unimelb.edu.au,10
biomedicalsciences.unimelb.edu.au,pictures.staff.unimelb.edu.au,10
biomedicalsciences.unimelb.edu.au,sites.research.unimelb.edu.au,10
biomedicalsciences.unimelb.edu.au,endeavour.unimelb.edu.au,10
education.unimelb.edu.au,comms.alumni.unimelb.edu.au,10
eng.unimelb.edu.au,forms.your.unimelb.edu.au,10
eng.unimelb.edu.au,search.unimelb.edu.au,10
fbe.unimelb.edu.au,studyos.students.unimelb.edu.au,10
finearts-music.unimelb.edu.au,canvas.lms.unimelb.edu.au,10
handbook.unimelb.edu.au,unimelb.edu.au,10
handbook.unimelb.edu.au,edsc.unimelb.edu.au,10
law.unimelb.edu.au,library.unimelb.edu.au,10
mbs.unimelb.edu.au,canvas.lms.unimelb.edu.au,10
mbs.unimelb.edu.au,scholarships.unimelb.edu.au,10
mbs.unimelb.edu.au,umsu.unimelb.edu.au,10
medicine.unimelb.edu.au,mspgh.unimelb.edu.au,10
medicine.unimelb.edu.au,biomedicalsciences.unimelb.edu.au,10
medicine.unimelb.edu.au,psychologicalsciences.unimelb.edu.au,10
medicine.unimelb.edu.au,maps.unimelb.edu.au,10
msd.unimelb.edu.au,umsu.unimelb.edu.au,10
msd.unimelb.edu.au,library.unimelb.edu.au,10
research.unimelb.edu.au,biosciences.unimelb.edu.au,10
research.unimelb.edu.au,healthsciences.unimelb.edu.au,10
services.unimelb.edu.au,umsu.unimelb.edu.au,10
students.unimelb.edu.au,sso.unimelb.edu.au,10
students.unimelb.edu.au,wireless.unimelb.edu.au,10
students.unimelb.edu.au,events.unimelb.edu.au,10
study.unimelb.edu.au,sport.unimelb.edu.au,10
www.unimelb.edu.au,eng.unimelb.edu.au,10
www.unimelb.edu.au,education.unimelb.edu.au,10
www.unimelb.edu.au,forms.your.unimelb.edu.au,10
arts.unimelb.edu.au,minerva-access.unimelb.edu.au,9
arts.unimelb.edu.au,indonesiaatmelbourne.unimelb.edu.au,9
biomedicalsciences.unimelb.edu.au,scholarships.unimelb.edu.au,9
dental.unimelb.edu.au,scholarships.unimelb.edu.au,9
education.unimelb.edu.au,events.unimelb.edu.au,9
eng.unimelb.edu.au,go.unimelb.edu.au,9
finearts-music.unimelb.edu.au,staff.unimelb.edu.au,9
finearts-music.unimelb.edu.au,gateway.research.unimelb.edu.au,9
handbook.unimelb.edu.au,mdhs.unimelb.edu.au,9
mbs.unimelb.edu.au,careersonline.unimelb.edu.au,9
mdhs.unimelb.edu.au,mdhs-study.unimelb.edu.au,9
mdhs.unimelb.edu.au,forms.your.unimelb.edu.au,9
medicine.unimelb.edu.au,policy.unimelb.edu.au,9
medicine.unimelb.edu.au,redcap.unimelb.edu.au,9
medicine.unimelb.edu.au,unimelb.edu.au,9
medicine.unimelb.edu.au,services.unimelb.edu.au,9
research.unimelb.edu.au,blogs.unimelb.edu.au,9
research.unimelb.edu.au,murrupbarak.unimelb.edu.au,9
research.unimelb.edu.au,your.unimelb.edu.au,9
research.unimelb.edu.au,museumsandcollections.unimelb.edu.au,9
research.unimelb.edu.au,handbook.unimelb.edu.au,9
science.unimelb.edu.au,research.unimelb.edu.au,9
services.unimelb.edu.au,sport.unimelb.edu.au,9
students.unimelb.edu.au,psychologicalsciences.unimelb.edu.au,9
students.unimelb.edu.au,education.unimelb.edu.au,9
students.unimelb.edu.au,mytimetable.students.unimelb.edu.au,9
students.unimelb.edu.au,staff.unimelb.edu.au,9
study.unimelb.edu.au,q.surveys.unimelb.edu.au,9
study.unimelb.edu.au,mbs.unimelb.edu.au,9
arts.unimelb.edu.au,cat.lib.unimelb.edu.au,8
biomedicalsciences.unimelb.edu.au,maps.unimelb.edu.au,8
biomedicalsciences.unimelb.edu.au,go.unimelb.edu.au,8
education.unimelb.edu.au,www.findanexpert.unimelb.edu.au,8
education.unimelb.edu.au,unimelb.edu.au,8
education.unimelb.edu.au,scc.ms.unimelb.edu.au,8
education.unimelb.edu.au,canvas.lms.unimelb.edu.au,8
eng.unimelb.edu.au,studyos.students.unimelb.edu.au,8
eng.unimelb.edu.au,feit-vocational-placement.app.unimelb.edu.au,8
eng.unimelb.edu.au,arts.unimelb.edu.au,8
fbe.unimelb.edu.au,forms.your.unimelb.edu.au,8
mdhs.unimelb.edu.au,q.surveys.unimelb.edu.au,8
medicine.unimelb.edu.au,q.surveys.unimelb.edu.au,8
msd.unimelb.edu.au,giving.unimelb.edu.au,8
research.unimelb.edu.au,safety.unimelb.edu.au,8
research.unimelb.edu.au,psychologicalsciences.unimelb.edu.au,8
research.unimelb.edu.au,www.findanexpert.unimelb.edu.au,8
research.unimelb.edu.au,fvas.unimelb.edu.au,8
research.unimelb.edu.au,sustainable.unimelb.edu.au,8
research.unimelb.edu.au,maps.unimelb.edu.au,8
research.unimelb.edu.au,forms.your.unimelb.edu.au,8
science.unimelb.edu.au,chemistry.unimelb.edu.au,8
services.unimelb.edu.au,study.unimelb.edu.au,8
services.unimelb.edu.au,safercommunity.unimelb.edu.au,8
services.unimelb.edu.au,search.unimelb.edu.au,8
students.unimelb.edu.au,mdhs.unimelb.edu.au,8
students.unimelb.edu.au,careers.unimelb.edu.au,8
study.unimelb.edu.au,www.trinity.unimelb.edu.au,8
study.unimelb.edu.au,mvs.unimelb.edu.au,8
www.unimelb.edu.au,msd.unimelb.edu.au,8
www.unimelb.edu.au,handbook.unimelb.edu.au,8
arts.unimelb.edu.au,your.unimelb.edu.au,7
arts.unimelb.edu.au,secure.alumni.unimelb.edu.au,7
arts.unimelb.edu.au,canvas.lms.unimelb.edu.au,7
biomedicalsciences.unimelb.edu.au,jobs.unimelb.edu.au,7
eng.unimelb.edu.au,law.unimelb.edu.au,7
eng.unimelb.edu.au,gsa.unimelb.edu.au,7
eng.unimelb.edu.au,socialequity.unimelb.edu.au,7
eng.unimelb.edu.au,my.unimelb.edu.au,7
eng.unimelb.edu.au,murrupbarak.unimelb.edu.au,7
fbe.unimelb.edu.au,library.unimelb.edu.au,7
fbe.unimelb.edu.au,giving.unimelb.edu.au,7
fbe.unimelb.edu.au,gsa.unimelb.edu.au,7
fbe.unimelb.edu.au,www.findanexpert.unimelb.edu.au,7
fbe.unimelb.edu.au,canvas.lms.unimelb.edu.au,7
finearts-music.unimelb.edu.au,search.unimelb.edu.au,7
finearts-music.unimelb.edu.au,arts.unimelb.edu.au,7
finearts-music.unimelb.edu.au,gradresearch.unimelb.edu.au,7
finearts-music.unimelb.edu.au,www.alumni.unimelb.edu.au,7
handbook.unimelb.edu.au,breadth.unimelb.edu.au,7
handbook.unimelb.edu.au,study.mbs.unimelb.edu.au,7
handbook.unimelb.edu.au,graduate.science.unimelb.edu.au,7
handbook.unimelb.edu.au,enquiry.app.unimelb.edu.au,7
law.unimelb.edu.au,gsa.unimelb.edu.au,7
law.unimelb.edu.au,maps.unimelb.edu.au,7
mbs.unimelb.edu.au,careers.unimelb.edu.au,7
mdhs.unimelb.edu.au,copyright.unimelb.edu.au,7
medicine.unimelb.edu.au,cat.lib.unimelb.edu.au,7
medicine.unimelb.edu.au,gateway.research.unimelb.edu.au,7
medicine.unimelb.edu.au,library.unimelb.edu.au,7
msd.unimelb.edu.au,infur.msd.unimelb.edu.au,7
research.unimelb.edu.au,scc.ms.unimelb.edu.au,7
research.unimelb.edu.au,unimelb.edu.au,7
research.unimelb.edu.au,gsa.unimelb.edu.au,7
scholarships.unimelb.edu.au,murrupbarak.unimelb.edu.au,7
science.unimelb.edu.au,handbook.unimelb.edu.au,7
services.unimelb.edu.au,unimelb.edu.au,7
study.unimelb.edu.au,psychologicalsciences.unimelb.edu.au,7
study.unimelb.edu.au,ecommerce.unimelb.edu.au,7
study.unimelb.edu.au,gradresearch.unimelb.edu.au,7
study.unimelb.edu.au,www.findanexpert.unimelb.edu.au,7
study.unimelb.edu.au,studentit.unimelb.edu.au,7
www.unimelb.edu.au,your.unimelb.edu.au,7
arts.unimelb.edu.au,minerva-elements.unimelb.edu.au,6
arts.unimelb.edu.au,unimelb.edu.au,6
arts.unimelb.edu.au,gateway.research.unimelb.edu.au,6
arts.unimelb.edu.au,finearts-music.unimelb.edu.au,6
arts.unimelb.edu.au,law.unimelb.edu.au,6
biomedicalsciences.unimelb.edu.au,fae-prod.unimelb.edu.au,6
biomedicalsciences.unimelb.edu.au,umsu.unimelb.edu.au,6
biomedicalsciences.unimelb.edu.au,q.surveys.unimelb.edu.au,6
biomedicalsciences.unimelb.edu.au,microscopy.unimelb.edu.au,6
dental.unimelb.edu.au,research.unimelb.edu.au,6
dental.unimelb.edu.au,students.unimelb.edu.au,6
dental.unimelb.edu.au,henryformanatkinsondentalmuseum.mdhs.unimelb.edu.au,6
education.unimelb.edu.au,minerva-access.unimelb.edu.au,6
education.unimelb.edu.au,copyright.unimelb.edu.au,6
education.unimelb.edu.au,stories.unimelb.edu.au,6
eng.unimelb.edu.au,canvas.lms.unimelb.edu.au,6
eng.unimelb.edu.au,library.unimelb.edu.au,6
eng.unimelb.edu.au,mdhs.unimelb.edu.au,6
eng.unimelb.edu.au,fbe.unimelb.edu.au,6
eng.unimelb.edu.au,catalog.lms.unimelb.edu.au,6
eng.unimelb.edu.au,jobs.unimelb.edu.au,6
fbe.unimelb.edu.au,study.mbs.unimelb.edu.au,6
finearts-music.unimelb.edu.au,library.unimelb.edu.au,6
handbook.unimelb.edu.au,ssps.unimelb.edu.au,6
handbook.unimelb.edu.au,www.psych.unimelb.edu.au,6
handbook.unimelb.edu.au,provost.unimelb.edu.au,6
handbook.unimelb.edu.au,education.unimelb.edu.au,6
handbook.unimelb.edu.au,medicine.unimelb.edu.au,6
law.unimelb.edu.au,safercommunity.unimelb.edu.au,6
law.unimelb.edu.au,about.unimelb.edu.au,6
law.unimelb.edu.au,cat.lib.unimelb.edu.au,6
mdhs.unimelb.edu.au,ecommerce.unimelb.edu.au,6
mdhs.unimelb.edu.au,maps.unimelb.edu.au,6
medicine.unimelb.edu.au,commercial.unimelb.edu.au,6
medicine.unimelb.edu.au,journals.sagepub.com.ezp.lib.unimelb.edu.au,6
msd.unimelb.edu.au,sso.unimelb.edu.au,6
msd.unimelb.edu.au,cat.lib.unimelb.edu.au,6
research.unimelb.edu.au,biomedical.eng.unimelb.edu.au,6
research.unimelb.edu.au,physics.unimelb.edu.au,6
research.unimelb.edu.au,www.bio21.unimelb.edu.au,6
research.unimelb.edu.au,melbourneinstitute.unimelb.edu.au,6
research.unimelb.edu.au,microscopy.unimelb.edu.au,6
research.unimelb.edu.au,staff.unimelb.edu.au,6
science.unimelb.edu.au,giving.unimelb.edu.au,6
science.unimelb.edu.au,indigenousknowledge.unimelb.edu.au,6
science.unimelb.edu.au,services.unimelb.edu.au,6
students.unimelb.edu.au,dental.unimelb.edu.au,6
students.unimelb.edu.au,captureme.unimelb.edu.au,6
students.unimelb.edu.au,overseasstudyplanner.unimelb.edu.au,6
students.unimelb.edu.au,my.unilife.unimelb.edu.au,6
students.unimelb.edu.au,copyright.unimelb.edu.au,6
study.unimelb.edu.au,my.unimelb.edu.au,6
study.unimelb.edu.au,fvas.unimelb.edu.au,6
study.unimelb.edu.au,environment.unimelb.edu.au,6
study.unimelb.edu.au,gsa.unimelb.edu.au,6
study.unimelb.edu.au,stories.unimelb.edu.au,6
www.unimelb.edu.au,research.unimelb.edu.au,6
www.unimelb.edu.au,services.unimelb.edu.au,6
arts.unimelb.edu.au,replicats.research.unimelb.edu.au,5
arts.unimelb.edu.au,lms.unimelb.edu.au,5
arts.unimelb.edu.au,graduate.arts.unimelb.edu.au,5
arts.unimelb.edu.au,gsa.unimelb.edu.au,5
arts.unimelb.edu.au,deathtech.research.unimelb.edu.au,5
arts.unimelb.edu.au,socialequity.unimelb.edu.au,5
arts.unimelb.edu.au,cm.edm.unimelb.edu.au,5
biomedicalsciences.unimelb.edu.au,medicine.unimelb.edu.au,5
biomedicalsciences.unimelb.edu.au,law.unimelb.edu.au,5
biomedicalsciences.unimelb.edu.au,melbourne-cshe.unimelb.edu.au,5
dental.unimelb.edu.au,search.unimelb.edu.au,5
dental.unimelb.edu.au,www.findanexpert.unimelb.edu.au,5
dental.unimelb.edu.au,mdhs-study.unimelb.edu.au,5
education.unimelb.edu.au,tes.app.unimelb.edu.au,5
eng.unimelb.edu.au,unimelb.edu.au,5
eng.unimelb.edu.au,ipp.eng.unimelb.edu.au,5
eng.unimelb.edu.au,biomedicalsciences.unimelb.edu.au,5
fbe.unimelb.edu.au,melbourne-cshe.unimelb.edu.au,5
fbe.unimelb.edu.au,sport.unimelb.edu.au,5
finearts-music.unimelb.edu.au,studentit.unimelb.edu.au,5
handbook.unimelb.edu.au,mbs.unimelb.edu.au,5
law.unimelb.edu.au,go.unimelb.edu.au,5
law.unimelb.edu.au,search.unimelb.edu.au,5
law.unimelb.edu.au,studentit.unimelb.edu.au,5
law.unimelb.edu.au,arts.unimelb.edu.au,5
law.unimelb.edu.au,catalog.lms.unimelb.edu.au,5
law.unimelb.edu.au,socialequity.unimelb.edu.au,5
mdhs.unimelb.edu.au,sites.research.unimelb.edu.au,5
medicine.unimelb.edu.au,giving.unimelb.edu.au,5
medicine.unimelb.edu.au,events.unimelb.edu.au,5
medicine.unimelb.edu.au,sustainablecampus.unimelb.edu.au,5
medicine.unimelb.edu.au,cm.edm.unimelb.edu.au,5
msd.unimelb.edu.au,events.unimelb.edu.au,5
msd.unimelb.edu.au,canvas.lms.unimelb.edu.au,5
msd.unimelb.edu.au,catalog.lms.unimelb.edu.au,5
msd.unimelb.edu.au,learningspaces.unimelb.edu.au,5
msd.unimelb.edu.au,www.findanexpert.unimelb.edu.au,5
msd.unimelb.edu.au,go.unimelb.edu.au,5
research.unimelb.edu.au,umsu.unimelb.edu.au,5
research.unimelb.edu.au,melbourne-cshe.unimelb.edu.au,5
scholarships.unimelb.edu.au,ask.unimelb.edu.au,5
scholarships.unimelb.edu.au,services.unimelb.edu.au,5
science.unimelb.edu.au,gsa.unimelb.edu.au,5
science.unimelb.edu.au,cebra.unimelb.edu.au,5
science.unimelb.edu.au,camel.science.unimelb.edu.au,5
science.unimelb.edu.au,ess.science.unimelb.edu.au,5
services.unimelb.edu.au,gsa.unimelb.edu.au,5
students.unimelb.edu.au,ms.unimelb.edu.au,5
students.unimelb.edu.au,mentoring.unimelb.edu.au,5
students.unimelb.edu.au,housing.unimelb.edu.au,5
students.unimelb.edu.au,casemanagementform.unimelb.edu.au,5
students.unimelb.edu.au,msd.unimelb.edu.au,5
study.unimelb.edu.au,ipp.eng.unimelb.edu.au,5
study.unimelb.edu.au,safes.unimelb.edu.au,5
study.unimelb.edu.au,library.unimelb.edu.au,5
study.unimelb.edu.au,industry.science.unimelb.edu.au,5
study.unimelb.edu.au,cis.unimelb.edu.au,5
www.unimelb.edu.au,arts.unimelb.edu.au,5
arts.unimelb.edu.au,sso.unimelb.edu.au,4
arts.unimelb.edu.au,catalog.lms.unimelb.edu.au,4
arts.unimelb.edu.au,indigenousknowledge.unimelb.edu.au,4
arts.unimelb.edu.au,alumni.online.unimelb.edu.au,4
arts.unimelb.edu.au,go.unimelb.edu.au,4
arts.unimelb.edu.au,www.cis.unimelb.edu.au,4
arts.unimelb.edu.au,digitised-collections.unimelb.edu.au,4
arts.unimelb.edu.au,museumsandcollections.unimelb.edu.au,4
arts.unimelb.edu.au,art-museum.unimelb.edu.au,4
biomedicalsciences.unimelb.edu.au,chemical.eng.unimelb.edu.au,4
biomedicalsciences.unimelb.edu.au,doi-org.ezp.lib.unimelb.edu.au,4
biomedicalsciences.unimelb.edu.au,5000s-slidectr.unimelb.edu.au,4
biomedicalsciences.unimelb.edu.au,alumni.unimelb.edu.au,4
biomedicalsciences.unimelb.edu.au,eng.unimelb.edu.au,4
dental.unimelb.edu.au,about.unimelb.edu.au,4
dental.unimelb.edu.au,policy.unimelb.edu.au,4
education.unimelb.edu.au,sites.research.unimelb.edu.au,4
education.unimelb.edu.au,accounts.unimelb.edu.au,4
education.unimelb.edu.au,safety.unimelb.edu.au,4
education.unimelb.edu.au,my.unimelb.edu.au,4
education.unimelb.edu.au,giving.unimelb.edu.au,4
education.unimelb.edu.au,aii.unimelb.edu.au,4
education.unimelb.edu.au,search.unimelb.edu.au,4
eng.unimelb.edu.au,mentoring.unimelb.edu.au,4
eng.unimelb.edu.au,edsc.unimelb.edu.au,4
eng.unimelb.edu.au,sport.unimelb.edu.au,4
eng.unimelb.edu.au,msd.unimelb.edu.au,4
eng.unimelb.edu.au,blogs.unimelb.edu.au,4
fbe.unimelb.edu.au,careers.unimelb.edu.au,4
finearts-music.unimelb.edu.au,go.unimelb.edu.au,4
finearts-music.unimelb.edu.au,policy.unimelb.edu.au,4
finearts-music.unimelb.edu.au,giving.unimelb.edu.au,4
handbook.unimelb.edu.au,bcom.unimelb.edu.au,4
handbook.unimelb.edu.au,science.unimelb.edu.au,4
handbook.unimelb.edu.au,scholarships.unimelb.edu.au,4
law.unimelb.edu.au,sites.research.unimelb.edu.au,4
law.unimelb.edu.au,fbe.unimelb.edu.au,4
law.unimelb.edu.au,gateway.research.unimelb.edu.au,4
law.unimelb.edu.au,government.unimelb.edu.au,4
mbs.unimelb.edu.au,study.unimelb.edu.au,4
mdhs.unimelb.edu.au,tes.app.unimelb.edu.au,4
mdhs.unimelb.edu.au,minerva-access.unimelb.edu.au,4
mdhs.unimelb.edu.au,disability.unimelb.edu.au,4
mdhs.unimelb.edu.au,handbook.unimelb.edu.au,4
medicine.unimelb.edu.au,minerva-access.unimelb.edu.au,4
medicine.unimelb.edu.au,doi-org.ezp.lib.unimelb.edu.au,4
medicine.unimelb.edu.au,socialequity.unimelb.edu.au,4
medicine.unimelb.edu.au,gsa.unimelb.edu.au,4
msd.unimelb.edu.au,ask.unimelb.edu.au,4
msd.unimelb.edu.au,copyright.unimelb.edu.au,4
msd.unimelb.edu.au,ikbe-library.unimelb.edu.au,4
msd.unimelb.edu.au,archives.library.unimelb.edu.au,4
msd.unimelb.edu.au,veil.msd.unimelb.edu.au,4
research.unimelb.edu.au,dental.unimelb.edu.au,4
research.unimelb.edu.au,studentit.unimelb.edu.au,4
research.unimelb.edu.au,events.unimelb.edu.au,4
research.unimelb.edu.au,ms.unimelb.edu.au,4
research.unimelb.edu.au,archives.unimelb.edu.au,4
scholarships.unimelb.edu.au,forms.your.unimelb.edu.au,4
science.unimelb.edu.au,ask.unimelb.edu.au,4
science.unimelb.edu.au,murrupbarak.unimelb.edu.au,4
science.unimelb.edu.au,biodiversity.unimelb.edu.au,4
science.unimelb.edu.au,energy.unimelb.edu.au,4
science.unimelb.edu.au,goerigk.chemistry.unimelb.edu.au,4
science.unimelb.edu.au,maher.science.unimelb.edu.au,4
science.unimelb.edu.au,adaptive-evolution.biosciences.unimelb.edu.au,4
science.unimelb.edu.au,lms.unimelb.edu.au,4
science.unimelb.edu.au,my.unimelb.edu.au,4
services.unimelb.edu.au,studentit.unimelb.edu.au,4
services.unimelb.edu.au,murrupbarak.unimelb.edu.au,4
services.unimelb.edu.au,catalog.lms.unimelb.edu.au,4
students.unimelb.edu.au,course-planner.unimelb.edu.au,4
students.unimelb.edu.au,mbs.unimelb.edu.au,4
students.unimelb.edu.au,research.unimelb.edu.au,4
students.unimelb.edu.au,www.lms.unimelb.edu.au,4
students.unimelb.edu.au,lists.unimelb.edu.au,4
students.unimelb.edu.au,ffw.le.unimelb.edu.au,4
students.unimelb.edu.au,eng.unimelb.edu.au,4
study.unimelb.edu.au,ecosystemforest.unimelb.edu.au,4
study.unimelb.edu.au,sgeas.unimelb.edu.au,4
study.unimelb.edu.au,biosciences.unimelb.edu.au,4
www.unimelb.edu.au,q.surveys.unimelb.edu.au,4
arts.unimelb.edu.au,sport.unimelb.edu.au,3
arts.unimelb.edu.au,psychologicalsciences.unimelb.edu.au,3
arts.unimelb.edu.au,mdap.unimelb.edu.au,3
arts.unimelb.edu.au,vr360.researchsoftware.unimelb.edu.au,3
arts.unimelb.edu.au,sites.research.unimelb.edu.au,3
arts.unimelb.edu.au,asialink.unimelb.edu.au,3
arts.unimelb.edu.au,murrupbarak.unimelb.edu.au,3
arts.unimelb.edu.au,visualisingvenues.unimelb.edu.au,3
biomedicalsciences.unimelb.edu.au,gradresearch.unimelb.edu.au,3
biomedicalsciences.unimelb.edu.au,sso.unimelb.edu.au,3
biomedicalsciences.unimelb.edu.au,www.bme.unimelb.edu.au,3
biomedicalsciences.unimelb.edu.au,healthsciences.unimelb.edu.au,3
biomedicalsciences.unimelb.edu.au,www.microscopy.unimelb.edu.au,3
biomedicalsciences.unimelb.edu.au,ask.unimelb.edu.au,3
biomedicalsciences.unimelb.edu.au,www.bsc.unimelb.edu.au,3
biomedicalsciences.unimelb.edu.au,canvas.lms.unimelb.edu.au,3
biomedicalsciences.unimelb.edu.au,science.unimelb.edu.au,3
dental.unimelb.edu.au,collections.mdhs.unimelb.edu.au,3
dental.unimelb.edu.au,events.unimelb.edu.au,3
education.unimelb.edu.au,melbourne-cshe.unimelb.edu.au,3
education.unimelb.edu.au,murrupbarak.unimelb.edu.au,3
education.unimelb.edu.au,3a.education.unimelb.edu.au,3
education.unimelb.edu.au,catalog.lms.unimelb.edu.au,3
education.unimelb.edu.au,your.unimelb.edu.au,3
education.unimelb.edu.au,staff.unimelb.edu.au,3
eng.unimelb.edu.au,www.alumni.unimelb.edu.au,3
eng.unimelb.edu.au,melbourne-cshe.unimelb.edu.au,3
eng.unimelb.edu.au,fvas.unimelb.edu.au,3
eng.unimelb.edu.au,online.herbarium.unimelb.edu.au,3
eng.unimelb.edu.au,careers.unimelb.edu.au,3
eng.unimelb.edu.au,camph.eng.unimelb.edu.au,3
eng.unimelb.edu.au,eresearch.unimelb.edu.au,3
eng.unimelb.edu.au,petercook.unimelb.edu.au,3
eng.unimelb.edu.au,murmotorsports.eng.unimelb.edu.au,3
fbe.unimelb.edu.au,ask.unimelb.edu.au,3
fbe.unimelb.edu.au,safety.unimelb.edu.au,3
fbe.unimelb.edu.au,sso.unimelb.edu.au,3
fbe.unimelb.edu.au,disability.unimelb.edu.au,3
fbe.unimelb.edu.au,research.unimelb.edu.au,3
fbe.unimelb.edu.au,safercommunity.unimelb.edu.au,3
fbe.unimelb.edu.au,lms.unimelb.edu.au,3
fbe.unimelb.edu.au,your.unimelb.edu.au,3
finearts-music.unimelb.edu.au,art2023.finearts-music.unimelb.edu.au,3
finearts-music.unimelb.edu.au,minerva-access.unimelb.edu.au,3
finearts-music.unimelb.edu.au,designproduction.finearts-music.unimelb.edu.au,3
finearts-music.unimelb.edu.au,art150.unimelb.edu.au,3
finearts-music.unimelb.edu.au,psychologicalsciences.unimelb.edu.au,3
finearts-music.unimelb.edu.au,unimelb.edu.au,3
handbook.unimelb.edu.au,online.unimelb.edu.au,3
handbook.unimelb.edu.au,psychologicalsciences.unimelb.edu.au,3
handbook.unimelb.edu.au,physioth.unimelb.edu.au,3
handbook.unimelb.edu.au,msd.unimelb.edu.au,3
law.unimelb.edu.au,umsu.unimelb.edu.au,3
law.unimelb.edu.au,futurestudents.unimelb.edu.au,3
law.unimelb.edu.au,cat2.lib.unimelb.edu.au,3
law.unimelb.edu.au,alumni.online.unimelb.edu.au,3
law.unimelb.edu.au,www.findanexpert.unimelb.edu.au,3
law.unimelb.edu.au,mdhs.unimelb.edu.au,3
mbs.unimelb.edu.au,go.unimelb.edu.au,3
mdhs.unimelb.edu.au,www.mdhs.unimelb.edu.au,3
mdhs.unimelb.edu.au,medicalhistorymuseum.mdhs.unimelb.edu.au,3
mdhs.unimelb.edu.au,harrybrookesallenmuseum.mdhs.unimelb.edu.au,3
mdhs.unimelb.edu.au,henryformanatkinsondentalmuseum.mdhs.unimelb.edu.au,3
mdhs.unimelb.edu.au,witness.esrc.unimelb.edu.au,3
mdhs.unimelb.edu.au,clarkinstitute.unimelb.edu.au,3
mdhs.unimelb.edu.au,science.unimelb.edu.au,3
mdhs.unimelb.edu.au,www.alumni.unimelb.edu.au,3
mdhs.unimelb.edu.au,scc.ms.unimelb.edu.au,3
medicine.unimelb.edu.au,your.unimelb.edu.au,3
medicine.unimelb.edu.au,mlu-portal.mdhs.unimelb.edu.au,3
msd.unimelb.edu.au,mentoring.unimelb.edu.au,3
msd.unimelb.edu.au,bookings.events.unimelb.edu.au,3
msd.unimelb.edu.au,archive.abp.unimelb.edu.au,3
msd.unimelb.edu.au,safercommunity.unimelb.edu.au,3
msd.unimelb.edu.au,gsa.unimelb.edu.au,3
research.unimelb.edu.au,copyright.unimelb.edu.au,3
research.unimelb.edu.au,petercook.unimelb.edu.au,3
research.unimelb.edu.au,mspace.unimelb.edu.au,3
research.unimelb.edu.au,mvs.unimelb.edu.au,3
research.unimelb.edu.au,melbournespace.research.unimelb.edu.au,3
research.unimelb.edu.au,cms.unimelb.edu.au,3
research.unimelb.edu.au,minerva-access.unimelb.edu.au,3
research.unimelb.edu.au,mechanical.eng.unimelb.edu.au,3
research.unimelb.edu.au,chemistry.unimelb.edu.au,3
research.unimelb.edu.au,giving.unimelb.edu.au,3
research.unimelb.edu.au,ecosystemforest.unimelb.edu.au,3
science.unimelb.edu.au,umsu.unimelb.edu.au,3
science.unimelb.edu.au,cms.unimelb.edu.au,3
science.unimelb.edu.au,boskovic.chemistry.unimelb.edu.au,3
science.unimelb.edu.au,hua.science.unimelb.edu.au,3
science.unimelb.edu.au,uml.chemistry.unimelb.edu.au,3
science.unimelb.edu.au,astro.physics.unimelb.edu.au,3
science.unimelb.edu.au,lecao-lab.science.unimelb.edu.au,3
science.unimelb.edu.au,staff.unimelb.edu.au,3
services.unimelb.edu.au,ecommerce.elc.unimelb.edu.au,3
services.unimelb.edu.au,mycounselling.app.unimelb.edu.au,3
students.unimelb.edu.au,feerefundform.unimelb.edu.au,3
students.unimelb.edu.au,mcm.unimelb.edu.au,3
students.unimelb.edu.au,students.fvas.unimelb.edu.au,3
students.unimelb.edu.au,your.unimelb.edu.au,3
students.unimelb.edu.au,healthsciences.unimelb.edu.au,3
students.unimelb.edu.au,gateway.research.unimelb.edu.au,3
study.unimelb.edu.au,safety.unimelb.edu.au,3
study.unimelb.edu.au,3a.education.unimelb.edu.au,3
study.unimelb.edu.au,www.bio21.unimelb.edu.au,3
study.unimelb.edu.au,lms.unimelb.edu.au,3
study.unimelb.edu.au,vca-mcm.unimelb.edu.au,3
study.unimelb.edu.au,healthsciences.unimelb.edu.au,3
study.unimelb.edu.au,housing.unimelb.edu.au,3
study.unimelb.edu.au,socialequity.unimelb.edu.au,3
study.unimelb.edu.au,course-planner.unimelb.edu.au,3
www.unimelb.edu.au,staff.unimelb.edu.au,3
www.unimelb.edu.au,sport.unimelb.edu.au,3
arts.unimelb.edu.au,eng.unimelb.edu.au,2
arts.unimelb.edu.au,cis.unimelb.edu.au,2
arts.unimelb.edu.au,mspace.unimelb.edu.au,2
arts.unimelb.edu.au,scip.unimelb.edu.au,2
arts.unimelb.edu.au,circuit.unimelb.edu.au,2
arts.unimelb.edu.au,fbe.unimelb.edu.au,2
arts.unimelb.edu.au,mspgh.unimelb.edu.au,2
arts.unimelb.edu.au,career-checklist.unimelb.edu.au,2
arts.unimelb.edu.au,futurestudents.unimelb.edu.au,2
arts.unimelb.edu.au,melbourne-cshe.unimelb.edu.au,2
arts.unimelb.edu.au,indonesiaforum.arts.unimelb.edu.au,2
arts.unimelb.edu.au,lists.unimelb.edu.au,2
arts.unimelb.edu.au,www.arts.unimelb.edu.au,2
arts.unimelb.edu.au,archives.unimelb.edu.au,2
arts.unimelb.edu.au,my.unilife.unimelb.edu.au,2
arts.unimelb.edu.au,education.unimelb.edu.au,2
arts.unimelb.edu.au,amems.unimelb.edu.au,2
arts.unimelb.edu.au,omeka.cloud.unimelb.edu.au,2
arts.unimelb.edu.au,owa.unimelb.edu.au,2
arts.unimelb.edu.au,safercommunity.unimelb.edu.au,2
biomedicalsciences.unimelb.edu.au,secure.alumni.unimelb.edu.au,2
biomedicalsciences.unimelb.edu.au,microbiol.unimelb.edu.au,2
biomedicalsciences.unimelb.edu.au,www.biochemistry.unimelb.edu.au,2
biomedicalsciences.unimelb.edu.au,lists.unimelb.edu.au,2
biomedicalsciences.unimelb.edu.au,clarkinstitute.unimelb.edu.au,2
biomedicalsciences.unimelb.edu.au,www.mech.unimelb.edu.au,2
biomedicalsciences.unimelb.edu.au,catalog.lms.unimelb.edu.au,2
biomedicalsciences.unimelb.edu.au,student-advising-system.unimelb.edu.au,2
biomedicalsciences.unimelb.edu.au,www.sport.unimelb.edu.au,2
biomedicalsciences.unimelb.edu.au,bookings.events.unimelb.edu.au,2
biomedicalsciences.unimelb.edu.au,gsa.unimelb.edu.au,2
biomedicalsciences.unimelb.edu.au,www.studentcentres.unimelb.edu.au,2
biomedicalsciences.unimelb.edu.au,arts.unimelb.edu.au,2
biomedicalsciences.unimelb.edu.au,library.unimelb.edu.au,2
dental.unimelb.edu.au,sso.unimelb.edu.au,2
dental.unimelb.edu.au,ask.unimelb.edu.au,2
dental.unimelb.edu.au,medicalhistorymuseum.mdhs.unimelb.edu.au,2
dental.unimelb.edu.au,pursuit.unimelb.edu.au,2
dental.unimelb.edu.au,biomedicalsciences.unimelb.edu.au,2
dental.unimelb.edu.au,giving.unimelb.edu.au,2
dental.unimelb.edu.au,go.unimelb.edu.au,2
dental.unimelb.edu.au,forms.your.unimelb.edu.au,2
education.unimelb.edu.au,ctrs.app.unimelb.edu.au,2
education.unimelb.edu.au,housing.unimelb.edu.au,2
education.unimelb.edu.au,jobs.unimelb.edu.au,2
education.unimelb.edu.au,indigenousknowledge.unimelb.edu.au,2
education.unimelb.edu.au,ece.education.unimelb.edu.au,2
education.unimelb.edu.au,mspace.unimelb.edu.au,2
education.unimelb.edu.au,omeka.cloud.unimelb.edu.au,2
education.unimelb.edu.au,academicintegrity.unimelb.edu.au,2
education.unimelb.edu.au,cat2.lib.unimelb.edu.au,2
education.unimelb.edu.au,cat.lib.unimelb.edu.au,2
education.unimelb.edu.au,sport.unimelb.edu.au,2
education.unimelb.edu.au,minerva.unimelb.edu.au,2
eng.unimelb.edu.au,career-checklist.unimelb.edu.au,2
eng.unimelb.edu.au,www.mobility.unimelb.edu.au,2
eng.unimelb.edu.au,indigenousknowledge.unimelb.edu.au,2
eng.unimelb.edu.au,www.trinity.unimelb.edu.au,2
eng.unimelb.edu.au,safes.unimelb.edu.au,2
eng.unimelb.edu.au,finearts-music.unimelb.edu.au,2
eng.unimelb.edu.au,dental.unimelb.edu.au,2
eng.unimelb.edu.au,www.csdila.unimelb.edu.au,2
eng.unimelb.edu.au,housing.unimelb.edu.au,2
eng.unimelb.edu.au,gateway.research.unimelb.edu.au,2
eng.unimelb.edu.au,sso.unimelb.edu.au,2
eng.unimelb.edu.au,studentsoftware.unimelb.edu.au,2
eng.unimelb.edu.au,diversity.eng.unimelb.edu.au,2
eng.unimelb.edu.au,safercommunity.unimelb.edu.au,2
eng.unimelb.edu.au,people.eng.unimelb.edu.au,2
fbe.unimelb.edu.au,sites.research.unimelb.edu.au,2
fbe.unimelb.edu.au,my.unilife.unimelb.edu.au,2
fbe.unimelb.edu.au,socialequity.unimelb.edu.au,2
fbe.unimelb.edu.au,studentit.unimelb.edu.au,2
fbe.unimelb.edu.au,indigenousknowledge.unimelb.edu.au,2
fbe.unimelb.edu.au,www.economics.unimelb.edu.au,2
fbe.unimelb.edu.au,employers.careersonline.unimelb.edu.au,2
fbe.unimelb.edu.au,gateway.research.unimelb.edu.au,2
fbe.unimelb.edu.au,catalog.lms.unimelb.edu.au,2
fbe.unimelb.edu.au,cebra.unimelb.edu.au,2
fbe.unimelb.edu.au,www.colleges.unimelb.edu.au,2
fbe.unimelb.edu.au,cm.edm.unimelb.edu.au,2
finearts-music.unimelb.edu.au,careersonline.unimelb.edu.au,2
finearts-music.unimelb.edu.au,catalog.lms.unimelb.edu.au,2
finearts-music.unimelb.edu.au,umsu.unimelb.edu.au,2
finearts-music.unimelb.edu.au,gsa.unimelb.edu.au,2
finearts-music.unimelb.edu.au,lms.unimelb.edu.au,2
finearts-music.unimelb.edu.au,art-museum.unimelb.edu.au,2
finearts-music.unimelb.edu.au,art2024.finearts-music.unimelb.edu.au,2
finearts-music.unimelb.edu.au,jobs.unimelb.edu.au,2
finearts-music.unimelb.edu.au,my.unimelb.edu.au,2
finearts-music.unimelb.edu.au,q.surveys.unimelb.edu.au,2
finearts-music.unimelb.edu.au,designproduction2022.finearts-music.unimelb.edu.au,2
finearts-music.unimelb.edu.au,bookings.events.unimelb.edu.au,2
finearts-music.unimelb.edu.au,precinct.finearts-music.unimelb.edu.au,2
finearts-music.unimelb.edu.au,art2025.finearts-music.unimelb.edu.au,2
finearts-music.unimelb.edu.au,ask.unimelb.edu.au,2
finearts-music.unimelb.edu.au,eng.unimelb.edu.au,2
handbook.unimelb.edu.au,research.unimelb.edu.au,2
handbook.unimelb.edu.au,biomedicalsciences.unimelb.edu.au,2
handbook.unimelb.edu.au,coursesearch.unimelb.edu.au,2
handbook.unimelb.edu.au,sgeas.unimelb.edu.au,2
handbook.unimelb.edu.au,canvas.lms.unimelb.edu.au,2
handbook.unimelb.edu.au,findanexpert.unimelb.edu.au,2
handbook.unimelb.edu.au,gsbe.unimelb.edu.au,2
handbook.unimelb.edu.au,go.unimelb.edu.au,2
handbook.unimelb.edu.au,www.arts.unimelb.edu.au,2
handbook.unimelb.edu.au,healthsciences.unimelb.edu.au,2
handbook.unimelb.edu.au,www.mobility.unimelb.edu.au,2
handbook.unimelb.edu.au,learningandteaching.unimelb.edu.au,2
handbook.unimelb.edu.au,ba.unimelb.edu.au,2
handbook.unimelb.edu.au,www.psychologicalsciences.unimelb.edu.au,2
law.unimelb.edu.au,elink_cd.unimelb.edu.au,2
law.unimelb.edu.au,www.services.unimelb.edu.au,2
law.unimelb.edu.au,www.union.unimelb.edu.au,2
law.unimelb.edu.au,safety.unimelb.edu.au,2
law.unimelb.edu.au,unimelb.edu.au,2
law.unimelb.edu.au,ormond.unimelb.edu.au,2
law.unimelb.edu.au,law.app.unimelb.edu.au,2
law.unimelb.edu.au,academicintegrity.unimelb.edu.au,2
mbs.unimelb.edu.au,gsa.unimelb.edu.au,2
mdhs.unimelb.edu.au,catalog.lms.unimelb.edu.au,2
mdhs.unimelb.edu.au,www.paediatrics.unimelb.edu.au,2
mdhs.unimelb.edu.au,my.unimelb.edu.au,2
mdhs.unimelb.edu.au,vca.unimelb.edu.au,2
mdhs.unimelb.edu.au,www.bio21.unimelb.edu.au,2
mdhs.unimelb.edu.au,education.unimelb.edu.au,2
mdhs.unimelb.edu.au,eng.unimelb.edu.au,2
mdhs.unimelb.edu.au,bookings.events.unimelb.edu.au,2
mdhs.unimelb.edu.au,law.unimelb.edu.au,2
mdhs.unimelb.edu.au,go.unimelb.edu.au,2
mdhs.unimelb.edu.au,minerva.unimelb.edu.au,2
mdhs.unimelb.edu.au,cat2.lib.unimelb.edu.au,2
mdhs.unimelb.edu.au,cat.lib.unimelb.edu.au,2
medicine.unimelb.edu.au,dental.unimelb.edu.au,2
medicine.unimelb.edu.au,healthsciences.unimelb.edu.au,2
medicine.unimelb.edu.au,apps.webofknowledge.com.ezp.lib.unimelb.edu.au,2
medicine.unimelb.edu.au,sso.unimelb.edu.au,2
medicine.unimelb.edu.au,www.gp.unimelb.edu.au,2
medicine.unimelb.edu.au,academic-oup-com.ezp.lib.unimelb.edu.au,2
medicine.unimelb.edu.au,studentit.unimelb.edu.au,2
medicine.unimelb.edu.au,lists.unimelb.edu.au,2
medicine.unimelb.edu.au,safercommunity.unimelb.edu.au,2
medicine.unimelb.edu.au,dx.doi.org.ezp.lib.unimelb.edu.au,2
medicine.unimelb.edu.au,murrupbarak.unimelb.edu.au,2
medicine.unimelb.edu.au,sites.research.unimelb.edu.au,2
medicine.unimelb.edu.au,ask.unimelb.edu.au,2
medicine.unimelb.edu.au,fbe.unimelb.edu.au,2
medicine.unimelb.edu.au,melbourneinstitute.unimelb.edu.au,2
medicine.unimelb.edu.au,teddybearhospital.unimelb.edu.au,2
medicine.unimelb.edu.au,law.unimelb.edu.au,2
medicine.unimelb.edu.au,minerva-elements.unimelb.edu.au,2
medicine.unimelb.edu.au,melbourne-cshe.unimelb.edu.au,2
medicine.unimelb.edu.au,ashe.unimelb.edu.au,2
medicine.unimelb.edu.au,neuroscience.unimelb.edu.au,2
medicine.unimelb.edu.au,bookings.events.unimelb.edu.au,2
msd.unimelb.edu.au,q.surveys.unimelb.edu.au,2
msd.unimelb.edu.au,gradresearch.unimelb.edu.au,2
msd.unimelb.edu.au,safes.unimelb.edu.au,2
msd.unimelb.edu.au,fbe.unimelb.edu.au,2
msd.unimelb.edu.au,print.unimelb.edu.au,2
msd.unimelb.edu.au,studentit.unimelb.edu.au,2
msd.unimelb.edu.au,portal.unimelb.edu.au,2
msd.unimelb.edu.au,biosciences.unimelb.edu.au,2
msd.unimelb.edu.au,brandhub.unimelb.edu.au,2
msd.unimelb.edu.au,ctrs.app.unimelb.edu.au,2
research.unimelb.edu.au,eresearch.unimelb.edu.au,2
research.unimelb.edu.au,go.unimelb.edu.au,2
research.unimelb.edu.au,stories.unimelb.edu.au,2
research.unimelb.edu.au,www.climatecollege.unimelb.edu.au,2
research.unimelb.edu.au,geography.unimelb.edu.au,2
research.unimelb.edu.au,sefs-saf.unimelb.edu.au,2
research.unimelb.edu.au,q.surveys.unimelb.edu.au,2
research.unimelb.edu.au,clinicalresearch.mdhs.unimelb.edu.au,2
research.unimelb.edu.au,cm.edm.unimelb.edu.au,2
research.unimelb.edu.au,indonesiaatmelbourne.unimelb.edu.au,2
research.unimelb.edu.au,sustainablecampus.unimelb.edu.au,2
research.unimelb.edu.au,ormond.unimelb.edu.au,2
research.unimelb.edu.au,spirit.research.unimelb.edu.au,2
research.unimelb.edu.au,grainger.unimelb.edu.au,2
research.unimelb.edu.au,clarkinstitute.unimelb.edu.au,2
research.unimelb.edu.au,lists.unimelb.edu.au,2
research.unimelb.edu.au,academicintegrity.unimelb.edu.au,2
research.unimelb.edu.au,digitised-collections.unimelb.edu.au,2
research.unimelb.edu.au,csdila.unimelb.edu.au,2
research.unimelb.edu.au,goerigk.chemistry.unimelb.edu.au,2
research.unimelb.edu.au,aii.unimelb.edu.au,2
research.unimelb.edu.au,thud.msd.unimelb.edu.au,2
science.unimelb.edu.au,canvas.lms.unimelb.edu.au,2
science.unimelb.edu.au,equinecentre.unimelb.edu.au,2
science.unimelb.edu.au,environment.unimelb.edu.au,2
science.unimelb.edu.au,science-enrichment-planner.unimelb.edu.au,2
science.unimelb.edu.au,amgenscholars.research.unimelb.edu.au,2
science.unimelb.edu.au,melbournespace.research.unimelb.edu.au,2
science.unimelb.edu.au,cellularbiophysics.science.unimelb.edu.au,2
science.unimelb.edu.au,murraylab.science.unimelb.edu.au,2
science.unimelb.edu.au,tigrrlab.science.unimelb.edu.au,2
science.unimelb.edu.au,wallabase.science.unimelb.edu.au,2
science.unimelb.edu.au,culturalastronomy.science.unimelb.edu.au,2
science.unimelb.edu.au,optics.physics.unimelb.edu.au,2
science.unimelb.edu.au,particletheory.science.unimelb.edu.au,2
services.unimelb.edu.au,research.unimelb.edu.au,2
services.unimelb.edu.au,about.unimelb.edu.au,2
services.unimelb.edu.au,maps.unimelb.edu.au,2
services.unimelb.edu.au,staff.unimelb.edu.au,2
services.unimelb.edu.au,canvas.lms.unimelb.edu.au,2
students.unimelb.edu.au,sis.unimelb.edu.au,2
students.unimelb.edu.au,exams.unimelb.edu.au,2
students.unimelb.edu.au,cms.unimelb.edu.au,2
students.unimelb.edu.au,minerva-access.unimelb.edu.au,2
students.unimelb.edu.au,rduevents.unimelb.edu.au,2
students.unimelb.edu.au,unimelb.edu.au,2
students.unimelb.edu.au,career-checklist.unimelb.edu.au,2
students.unimelb.edu.au,pursuit.unimelb.edu.au,2
study.unimelb.edu.au,art2024.finearts-music.unimelb.edu.au,2
study.unimelb.edu.au,currentstudents.eng.unimelb.edu.au,2
study.unimelb.edu.au,chemistry.unimelb.edu.au,2
study.unimelb.edu.au,wireless.unimelb.edu.au,2
study.unimelb.edu.au,safercommunity.unimelb.edu.au,2
study.unimelb.edu.au,maps.unimelb.edu.au,2
study.unimelb.edu.au,studyos.students.unimelb.edu.au,2
study.unimelb.edu.au,jch.unimelb.edu.au,2
study.unimelb.edu.au,newman.unimelb.edu.au,2
study.unimelb.edu.au,queens.unimelb.edu.au,2
study.unimelb.edu.au,hildas.unimelb.edu.au,2
study.unimelb.edu.au,www.stmarys.unimelb.edu.au,2
study.unimelb.edu.au,www.unicol.unimelb.edu.au,2
study.unimelb.edu.au,dental.unimelb.edu.au,2
study.unimelb.edu.au,intlstudaccept.unimelb.edu.au,2
study.unimelb.edu.au,disability.unimelb.edu.au,2
study.unimelb.edu.au,accounts.unimelb.edu.au,2
study.unimelb.edu.au,cie.eng.unimelb.edu.au,2
study.unimelb.edu.au,museumsandcollections.unimelb.edu.au,2
study.unimelb.edu.au,preview.handbook.unimelb.edu.au,2
study.unimelb.edu.au,giving.unimelb.edu.au,2
study.unimelb.edu.au,scc.ms.unimelb.edu.au,2
study.unimelb.edu.au,sites.research.unimelb.edu.au,2
www.unimelb.edu.au,fbe.unimelb.edu.au,2
www.unimelb.edu.au,scholarships.unimelb.edu.au,2
www.unimelb.edu.au,law.unimelb.edu.au,2
www.unimelb.edu.au,ecommerce.unimelb.edu.au,2
www.unimelb.edu.au,prod.ss.unimelb.edu.au,2
www.unimelb.edu.au,careers.unimelb.edu.au,2
www.unimelb.edu.au,ask.unimelb.edu.au,2
www.unimelb.edu.au,digitised-collections.unimelb.edu.au,2
www.unimelb.edu.au,archive.handbook.unimelb.edu.au,2
www.unimelb.edu.au,policy.unimelb.edu.au,2
www.unimelb.edu.au,findanexpert.unimelb.edu.au,2
arts.unimelb.edu.au,biosciences.unimelb.edu.au,1
arts.unimelb.edu.au,sustainable.unimelb.edu.au,1
arts.unimelb.edu.au,www.alumni.unimelb.edu.au,1
arts.unimelb.edu.au,www.art-museum.unimelb.edu.au,1
arts.unimelb.edu.au,scc.ms.unimelb.edu.au,1
arts.unimelb.edu.au,rest.neptune-prod.its.unimelb.edu.au,1
arts.unimelb.edu.au,voice.unimelb.edu.au,1
arts.unimelb.edu.au,www.austehc.unimelb.edu.au,1
arts.unimelb.edu.au,web.esrc.unimelb.edu.au,1
arts.unimelb.edu.au,electionwatch.unimelb.edu.au,1
arts.unimelb.edu.au,mytimetable.students.unimelb.edu.au,1
arts.unimelb.edu.au,canvasresources-prod.le.unimelb.edu.au,1
arts.unimelb.edu.au,www.colleges.unimelb.edu.au,1
arts.unimelb.edu.au,futureofwork.unimelb.edu.au,1
arts.unimelb.edu.au,ctrs.app.unimelb.edu.au,1
arts.unimelb.edu.au,accounts.unimelb.edu.au,1
arts.unimelb.edu.au,shop.unimelb.edu.au,1
arts.unimelb.edu.au,mentoring.unimelb.edu.au,1
arts.unimelb.edu.au,intl.umsu.unimelb.edu.au,1
arts.unimelb.edu.au,figshare.unimelb.edu.au,1
arts.unimelb.edu.au,aii.unimelb.edu.au,1
arts.unimelb.edu.au,www.services.unimelb.edu.au,1
arts.unimelb.edu.au,biomedicalsciences.unimelb.edu.au,1
arts.unimelb.edu.au,grainger.unimelb.edu.au,1
arts.unimelb.edu.au,apjacm.arts.unimelb.edu.au,1
arts.unimelb.edu.au,public-cultures.unimelb.edu.au,1
arts.unimelb.edu.au,disability.unimelb.edu.au,1
arts.unimelb.edu.au,slidelibrary.app.unimelb.edu.au,1
arts.unimelb.edu.au,thesislibrary.app.unimelb.edu.au,1
arts.unimelb.edu.au,booklibrary.app.unimelb.edu.au,1
arts.unimelb.edu.au,academicintegrity.unimelb.edu.au,1
arts.unimelb.edu.au,medicine.unimelb.edu.au,1
arts.unimelb.edu.au,repository.unimelb.edu.au,1
arts.unimelb.edu.au,www.agad.anzac.unimelb.edu.au,1
arts.unimelb.edu.au,msd.unimelb.edu.au,1
arts.unimelb.edu.au,vca-mcm.unimelb.edu.au,1
arts.unimelb.edu.au,course-planner.unimelb.edu.au,1
biomedicalsciences.unimelb.edu.au,www.microbiol.unimelb.edu.au,1
biomedicalsciences.unimelb.edu.au,www.mduphl.unimelb.edu.au,1
biomedicalsciences.unimelb.edu.au,pgh.unimelb.edu.au,1
biomedicalsciences.unimelb.edu.au,www.masig.biochem.unimelb.edu.au,1
biomedicalsciences.unimelb.edu.au,alumni.online.unimelb.edu.au,1
biomedicalsciences.unimelb.edu.au,williams.chemistry.unimelb.edu.au,1
biomedicalsciences.unimelb.edu.au,safety.unimelb.edu.au,1
biomedicalsciences.unimelb.edu.au,www.ormond.unimelb.edu.au,1
biomedicalsciences.unimelb.edu.au,pcs.unimelb.edu.au,1
biomedicalsciences.unimelb.edu.au,giving.unimelb.edu.au,1
biomedicalsciences.unimelb.edu.au,futurestudents.unimelb.edu.au,1
biomedicalsciences.unimelb.edu.au,enrolmentvariations.app.unimelb.edu.au,1
biomedicalsciences.unimelb.edu.au,www.chemeng.unimelb.edu.au,1
biomedicalsciences.unimelb.edu.au,www.commercial.unimelb.edu.au,1
biomedicalsciences.unimelb.edu.au,www.alumni.unimelb.edu.au,1
biomedicalsciences.unimelb.edu.au,psychologicalsciences.unimelb.edu.au,1
biomedicalsciences.unimelb.edu.au,research.mdhs.unimelb.edu.au,1
biomedicalsciences.unimelb.edu.au,www.cshe.unimelb.edu.au,1
biomedicalsciences.unimelb.edu.au,igr-lab.science.unimelb.edu.au,1
biomedicalsciences.unimelb.edu.au,orientation.unimelb.edu.au,1
biomedicalsciences.unimelb.edu.au,shepmed.unimelb.edu.au,1
biomedicalsciences.unimelb.edu.au,teddybearhospital.unimelb.edu.au,1
biomedicalsciences.unimelb.edu.au,intl.umsu.unimelb.edu.au,1
biomedicalsciences.unimelb.edu.au,career-checklist.unimelb.edu.au,1
biomedicalsciences.unimelb.edu.au,sport.unimelb.edu.au,1
biomedicalsciences.unimelb.edu.au,careersonline.unimelb.edu.au,1
biomedicalsciences.unimelb.edu.au,www.annualreport.about.unimelb.edu.au,1
biomedicalsciences.unimelb.edu.au,voice.unimelb.edu.au,1
biomedicalsciences.unimelb.edu.au,portal.cpg.unimelb.edu.au,1
biomedicalsciences.unimelb.edu.au,rduevents.unimelb.edu.au,1
biomedicalsciences.unimelb.edu.au,cancerres-aacrjournals-org.ezp.lib.unimelb.edu.au,1
biomedicalsciences.unimelb.edu.au,potter-museum.unimelb.edu.au,1
biomedicalsciences.unimelb.edu.au,medicalhistorymuseum.mdhs.unimelb.edu.au,1
biomedicalsciences.unimelb.edu.au,mvs.unimelb.edu.au,1
biomedicalsciences.unimelb.edu.au,dental.unimelb.edu.au,1
biomedicalsciences.unimelb.edu.au,cms.unimelb.edu.au,1
biomedicalsciences.unimelb.edu.au,biosciences.unimelb.edu.au,1
biomedicalsciences.unimelb.edu.au,collections.mdhs.unimelb.edu.au,1
biomedicalsciences.unimelb.edu.au,museums.mdhs.unimelb.edu.au,1
biomedicalsciences.unimelb.edu.au,www.trinity.unimelb.edu.au,1
biomedicalsciences.unimelb.edu.au,provost.unimelb.edu.au,1
dental.unimelb.edu.au,murrupbarak.unimelb.edu.au,1
dental.unimelb.edu.au,mobility.unimelb.edu.au,1
dental.unimelb.edu.au,staff.unimelb.edu.au,1
dental.unimelb.edu.au,gateway.research.unimelb.edu.au,1
dental.unimelb.edu.au,sites.research.unimelb.edu.au,1
dental.unimelb.edu.au,www.alumni.unimelb.edu.au,1
dental.unimelb.edu.au,medicine.unimelb.edu.au,1
dental.unimelb.edu.au,poche.mdhs.unimelb.edu.au,1
dental.unimelb.edu.au,your.unimelb.edu.au,1
dental.unimelb.edu.au,cms.unimelb.edu.au,1
dental.unimelb.edu.au,www.bio21.unimelb.edu.au,1
dental.unimelb.edu.au,cymh.unimelb.edu.au,1
dental.unimelb.edu.au,www.ormond.unimelb.edu.au,1
dental.unimelb.edu.au,enquiry.app.unimelb.edu.au,1
dental.unimelb.edu.au,maps.unimelb.edu.au,1
dental.unimelb.edu.au,gradresearch.unimelb.edu.au,1
dental.unimelb.edu.au,cm.edm.unimelb.edu.au,1
dental.unimelb.edu.au,figshare.unimelb.edu.au,1
dental.unimelb.edu.au,teddybearhospital.unimelb.edu.au,1
dental.unimelb.edu.au,secure.alumni.unimelb.edu.au,1
dental.unimelb.edu.au,clarkinstitute.unimelb.edu.au,1
education.unimelb.edu.au,cis.unimelb.edu.au,1
education.unimelb.edu.au,sustainablecampus.unimelb.edu.au,1
education.unimelb.edu.au,disability.unimelb.edu.au,1
education.unimelb.edu.au,archive.handbook.unimelb.edu.au,1
education.unimelb.edu.au,mdhs.unimelb.edu.au,1
education.unimelb.edu.au,intl.umsu.unimelb.edu.au,1
education.unimelb.edu.au,career-checklist.unimelb.edu.au,1
education.unimelb.edu.au,rduevents.unimelb.edu.au,1
education.unimelb.edu.au,accommodation-hub.gsa.unimelb.edu.au,1
education.unimelb.edu.au,gradgroups.unimelb.edu.au,1
education.unimelb.edu.au,digitised-collections.unimelb.edu.au,1
education.unimelb.edu.au,mentoring.unimelb.edu.au,1
education.unimelb.edu.au,msd.unimelb.edu.au,1
education.unimelb.edu.au,thirdwavelab.education.unimelb.edu.au,1
education.unimelb.edu.au,extranet.education.unimelb.edu.au,1
education.unimelb.edu.au,studyos.students.unimelb.edu.au,1
education.unimelb.edu.au,prod.ss.unimelb.edu.au,1
eng.unimelb.edu.au,fac-preview.study.unimelb.edu.au,1
eng.unimelb.edu.au,intl.umsu.unimelb.edu.au,1
eng.unimelb.edu.au,safety.unimelb.edu.au,1
eng.unimelb.edu.au,cm.edm.unimelb.edu.au,1
eng.unimelb.edu.au,www.climatecollege.unimelb.edu.au,1
eng.unimelb.edu.au,jumpa.research.unimelb.edu.au,1
eng.unimelb.edu.au,mcn.research.unimelb.edu.au,1
eng.unimelb.edu.au,mipa.unimelb.edu.au,1
eng.unimelb.edu.au,mmgrg.research.unimelb.edu.au,1
eng.unimelb.edu.au,medicine.unimelb.edu.au,1
eng.unimelb.edu.au,mbs.unimelb.edu.au,1
eng.unimelb.edu.au,education.unimelb.edu.au,1
eng.unimelb.edu.au,mcm.unimelb.edu.au,1
eng.unimelb.edu.au,figshare.unimelb.edu.au,1
eng.unimelb.edu.au,csdila.unimelb.edu.au,1
eng.unimelb.edu.au,huntlab.science.unimelb.edu.au,1
eng.unimelb.edu.au,studenteforms.app.unimelb.edu.au,1
eng.unimelb.edu.au,academicintegrity.unimelb.edu.au,1
eng.unimelb.edu.au,futurestudents.unimelb.edu.au,1
eng.unimelb.edu.au,disability.unimelb.edu.au,1
eng.unimelb.edu.au,lms.unimelb.edu.au,1
eng.unimelb.edu.au,stories.unimelb.edu.au,1
eng.unimelb.edu.au,grainger.unimelb.edu.au,1
eng.unimelb.edu.au,lab-status.unimelb.edu.au,1
eng.unimelb.edu.au,mag.alumni.unimelb.edu.au,1
fbe.unimelb.edu.au,finearts-music.unimelb.edu.au,1
fbe.unimelb.edu.au,my.unimelb.edu.au,1
fbe.unimelb.edu.au,science.unimelb.edu.au,1
fbe.unimelb.edu.au,www.campaign.unimelb.edu.au,1
fbe.unimelb.edu.au,docs.cloud.unimelb.edu.au,1
fbe.unimelb.edu.au,jobs.staff.unimelb.edu.au,1
fbe.unimelb.edu.au,ctrs.app.unimelb.edu.au,1
fbe.unimelb.edu.au,arts.unimelb.edu.au,1
fbe.unimelb.edu.au,hfv-map.melbourneinstitute.unimelb.edu.au,1
fbe.unimelb.edu.au,access.unimelb.edu.au,1
fbe.unimelb.edu.au,fbeengagementplanner.unimelb.edu.au,1
fbe.unimelb.edu.au,academicintegrity.unimelb.edu.au,1
fbe.unimelb.edu.au,eng.unimelb.edu.au,1
fbe.unimelb.edu.au,cis.unimelb.edu.au,1
fbe.unimelb.edu.au,tes.app.unimelb.edu.au,1
fbe.unimelb.edu.au,career-checklist.unimelb.edu.au,1
fbe.unimelb.edu.au,cms.unimelb.edu.au,1
fbe.unimelb.edu.au,law.unimelb.edu.au,1
fbe.unimelb.edu.au,ecommerce.fbe.unimelb.edu.au,1
fbe.unimelb.edu.au,feerefundform.unimelb.edu.au,1
fbe.unimelb.edu.au,bdbprofiles.melbourneinstitute.unimelb.edu.au,1
fbe.unimelb.edu.au,energy.unimelb.edu.au,1
fbe.unimelb.edu.au,course-planner.unimelb.edu.au,1
fbe.unimelb.edu.au,murrupbarak.unimelb.edu.au,1
fbe.unimelb.edu.au,researchers.ms.unimelb.edu.au,1
fbe.unimelb.edu.au,mentoring.unimelb.edu.au,1
fbe.unimelb.edu.au,myuniapps.unimelb.edu.au,1
finearts-music.unimelb.edu.au,career-checklist.unimelb.edu.au,1
finearts-music.unimelb.edu.au,spaceinfo.staff.unimelb.edu.au,1
finearts-music.unimelb.edu.au,ffam-mcm.app.unimelb.edu.au,1
finearts-music.unimelb.edu.au,redcap.unimelb.edu.au,1
finearts-music.unimelb.edu.au,neuroscience.unimelb.edu.au,1
finearts-music.unimelb.edu.au,contextjournal.music.unimelb.edu.au,1
finearts-music.unimelb.edu.au,concertclass.mcm.unimelb.edu.au,1
finearts-music.unimelb.edu.au,performanceclass.mcm.unimelb.edu.au,1
finearts-music.unimelb.edu.au,fvas.unimelb.edu.au,1
finearts-music.unimelb.edu.au,art2022.finearts-music.unimelb.edu.au,1
finearts-music.unimelb.edu.au,vca-mcm.unimelb.edu.au,1
finearts-music.unimelb.edu.au,mentoring.unimelb.edu.au,1
finearts-music.unimelb.edu.au,your.unimelb.edu.au,1
finearts-music.unimelb.edu.au,designproduction2024.finearts-music.unimelb.edu.au,1
finearts-music.unimelb.edu.au,must.unimelb.edu.au,1
finearts-music.unimelb.edu.au,msd.unimelb.edu.au,1
finearts-music.unimelb.edu.au,ourcampus.unimelb.edu.au,1
finearts-music.unimelb.edu.au,www.mobility.unimelb.edu.au,1
finearts-music.unimelb.edu.au,murrupbarak.unimelb.edu.au,1
finearts-music.unimelb.edu.au,mlg.finearts-music.unimelb.edu.au,1
finearts-music.unimelb.edu.au,eolnetwork.unimelb.edu.au,1
finearts-music.unimelb.edu.au,provost.unimelb.edu.au,1
finearts-music.unimelb.edu.au,futurestudents.unimelb.edu.au,1
finearts-music.unimelb.edu.au,designproduction2023.finearts-music.unimelb.edu.au,1
finearts-music.unimelb.edu.au,sites.research.unimelb.edu.au,1
finearts-music.unimelb.edu.au,directory.unimelb.edu.au,1
finearts-music.unimelb.edu.au,mag.alumni.unimelb.edu.au,1
finearts-music.unimelb.edu.au,engagement.unimelb.edu.au,1
finearts-music.unimelb.edu.au,www.sport.unimelb.edu.au,1
finearts-music.unimelb.edu.au,shop.unimelb.edu.au,1
finearts-music.unimelb.edu.au,mediaflux.researchsoftware.unimelb.edu.au,1
finearts-music.unimelb.edu.au,www.murrupbarak.unimelb.edu.au,1
handbook.unimelb.edu.au,audspeech.healthsciences.unimelb.edu.au,1
handbook.unimelb.edu.au,preview.handbook.unimelb.edu.au,1
handbook.unimelb.edu.au,fvas.unimelb.edu.au,1
handbook.unimelb.edu.au,fbe.unimelb.edu.au,1
handbook.unimelb.edu.au,app.lms.unimelb.edu.au,1
handbook.unimelb.edu.au,previous.handbook.unimelb.edu.au,1
handbook.unimelb.edu.au,courses.science.unimelb.edu.au,1
handbook.unimelb.edu.au,www.socialwork.unimelb.edu.au,1
handbook.unimelb.edu.au,maps.unimelb.edu.au,1
law.unimelb.edu.au,portal.unimelb.edu.au,1
law.unimelb.edu.au,disability.unimelb.edu.au,1
law.unimelb.edu.au,art-museum.unimelb.edu.au,1
law.unimelb.edu.au,www.unicol.unimelb.edu.au,1
law.unimelb.edu.au,staff.unimelb.edu.au,1
law.unimelb.edu.au,careers.unimelb.edu.au,1
law.unimelb.edu.au,medicine.unimelb.edu.au,1
law.unimelb.edu.au,biodiversity.unimelb.edu.au,1
law.unimelb.edu.au,apps.law.unimelb.edu.au,1
law.unimelb.edu.au,mentoring.unimelb.edu.au,1
law.unimelb.edu.au,melbourne-cshe.unimelb.edu.au,1
law.unimelb.edu.au,pictures.staff.unimelb.edu.au,1
law.unimelb.edu.au,www.alumni.unimelb.edu.au,1
law.unimelb.edu.au,legaltheory.law.unimelb.edu.au,1
law.unimelb.edu.au,biomedicalsciences.unimelb.edu.au,1
law.unimelb.edu.au,asiainstitute.unimelb.edu.au,1
law.unimelb.edu.au,indonesiaforum.arts.unimelb.edu.au,1
law.unimelb.edu.au,sustainablecampus.unimelb.edu.au,1
law.unimelb.edu.au,jobs.unimelb.edu.au,1
law.unimelb.edu.au,minerva-access.unimelb.edu.au,1
law.unimelb.edu.au,sport.unimelb.edu.au,1
law.unimelb.edu.au,www.colleges.unimelb.edu.au,1
law.unimelb.edu.au,murrupbarak.unimelb.edu.au,1
law.unimelb.edu.au,figshare.unimelb.edu.au,1
law.unimelb.edu.au,tes.app.unimelb.edu.au,1
law.unimelb.edu.au,wireless.unimelb.edu.au,1
mbs.unimelb.edu.au,career-checklist.unimelb.edu.au,1
mbs.unimelb.edu.au,q.surveys.unimelb.edu.au,1
mbs.unimelb.edu.au,course-planner.unimelb.edu.au,1
mbs.unimelb.edu.au,services.unimelb.edu.au,1
mbs.unimelb.edu.au,ipp.eng.unimelb.edu.au,1
mbs.unimelb.edu.au,catalog.lms.unimelb.edu.au,1
mbs.unimelb.edu.au,www.unimelb.edu.au,1
mdhs.unimelb.edu.au,canvas.lms.unimelb.edu.au,1
mdhs.unimelb.edu.au,sustainablecampus.unimelb.edu.au,1
mdhs.unimelb.edu.au,blogs.unimelb.edu.au,1
mdhs.unimelb.edu.au,online.unimelb.edu.au,1
mdhs.unimelb.edu.au,collision.unimelb.edu.au,1
mdhs.unimelb.edu.au,biodiversity.unimelb.edu.au,1
mdhs.unimelb.edu.au,people.eng.unimelb.edu.au,1
mdhs.unimelb.edu.au,shepmed.unimelb.edu.au,1
mdhs.unimelb.edu.au,housing.unimelb.edu.au,1
mdhs.unimelb.edu.au,cis.unimelb.edu.au,1
mdhs.unimelb.edu.au,biosciences.unimelb.edu.au,1
mdhs.unimelb.edu.au,accommodation-hub.gsa.unimelb.edu.au,1
mdhs.unimelb.edu.au,gradgroups.unimelb.edu.au,1
mdhs.unimelb.edu.au,learningspaces.unimelb.edu.au,1
mdhs.unimelb.edu.au,biomedical.eng.unimelb.edu.au,1
mdhs.unimelb.edu.au,socialequity.unimelb.edu.au,1
mdhs.unimelb.edu.au,arts.unimelb.edu.au,1
mdhs.unimelb.edu.au,fbe.unimelb.edu.au,1
mdhs.unimelb.edu.au,msd.unimelb.edu.au,1
mdhs.unimelb.edu.au,finearts-music.unimelb.edu.au,1
mdhs.unimelb.edu.au,mentoring.unimelb.edu.au,1
mdhs.unimelb.edu.au,academicintegrity.unimelb.edu.au,1
mdhs.unimelb.edu.au,www.scc.ms.unimelb.edu.au,1
mdhs.unimelb.edu.au,www.services.unimelb.edu.au,1
mdhs.unimelb.edu.au,www.gsa.unimelb.edu.au,1
mdhs.unimelb.edu.au,futurestudents.unimelb.edu.au,1
mdhs.unimelb.edu.au,your.unimelb.edu.au,1
mdhs.unimelb.edu.au,digitised-collections.unimelb.edu.au,1
medicine.unimelb.edu.au,lms.unimelb.edu.au,1
medicine.unimelb.edu.au,link-springer-com.ezp.lib.unimelb.edu.au,1
medicine.unimelb.edu.au,archive.handbook.unimelb.edu.au,1
medicine.unimelb.edu.au,bsc.unimelb.edu.au,1
medicine.unimelb.edu.au,archives.library.unimelb.edu.au,1
medicine.unimelb.edu.au,biomedical.eng.unimelb.edu.au,1
medicine.unimelb.edu.au,www.paediatrics.unimelb.edu.au,1
medicine.unimelb.edu.au,secure.alumni.unimelb.edu.au,1
medicine.unimelb.edu.au,comms.alumni.unimelb.edu.au,1
medicine.unimelb.edu.au,blogs.unimelb.edu.au,1
medicine.unimelb.edu.au,potter-museum.unimelb.edu.au,1
medicine.unimelb.edu.au,collections.mdhs.unimelb.edu.au,1
medicine.unimelb.edu.au,museums.mdhs.unimelb.edu.au,1
medicine.unimelb.edu.au,www.bio21.unimelb.edu.au,1
medicine.unimelb.edu.au,alumni.online.unimelb.edu.au,1
medicine.unimelb.edu.au,paedacademy.medicine.unimelb.edu.au,1
medicine.unimelb.edu.au,canvas.lms.unimelb.edu.au,1
medicine.unimelb.edu.au,www.eng.unimelb.edu.au,1
medicine.unimelb.edu.au,chemical.eng.unimelb.edu.au,1
medicine.unimelb.edu.au,donnelly.chemistry.unimelb.edu.au,1
medicine.unimelb.edu.au,arts.unimelb.edu.au,1
medicine.unimelb.edu.au,alumni.unimelb.edu.au,1
medicine.unimelb.edu.au,www-tandfonline-com.ezp.lib.unimelb.edu.au,1
medicine.unimelb.edu.au,www.jstor.org.ezp.lib.unimelb.edu.au,1
msd.unimelb.edu.au,www.lib.unimelb.edu.au,1
msd.unimelb.edu.au,access.unimelb.edu.au,1
msd.unimelb.edu.au,futurestudents.unimelb.edu.au,1
msd.unimelb.edu.au,careers.unimelb.edu.au,1
msd.unimelb.edu.au,science.unimelb.edu.au,1
msd.unimelb.edu.au,arts.unimelb.edu.au,1
msd.unimelb.edu.au,your.unimelb.edu.au,1
msd.unimelb.edu.au,socialequity.unimelb.edu.au,1
msd.unimelb.edu.au,www.socialequity.unimelb.edu.au,1
msd.unimelb.edu.au,specialconsideration.app.unimelb.edu.au,1
msd.unimelb.edu.au,digitised-collections.unimelb.edu.au,1
msd.unimelb.edu.au,www.csec.esrc.unimelb.edu.au,1
msd.unimelb.edu.au,mobility.unimelb.edu.au,1
msd.unimelb.edu.au,myuniapps.unimelb.edu.au,1
msd.unimelb.edu.au,biodiversity.unimelb.edu.au,1
msd.unimelb.edu.au,enrolmentvariations.app.unimelb.edu.au,1
msd.unimelb.edu.au,cis.unimelb.edu.au,1
msd.unimelb.edu.au,intl.umsu.unimelb.edu.au,1
msd.unimelb.edu.au,career-checklist.unimelb.edu.au,1
msd.unimelb.edu.au,online.herbarium.unimelb.edu.au,1
msd.unimelb.edu.au,smartvillageslab.msd.unimelb.edu.au,1
msd.unimelb.edu.au,mspgh.unimelb.edu.au,1
msd.unimelb.edu.au,must.unimelb.edu.au,1
msd.unimelb.edu.au,www.msd.unimelb.edu.au,1
msd.unimelb.edu.au,preview.handbook.unimelb.edu.au,1
research.unimelb.edu.au,mdap.unimelb.edu.au,1
research.unimelb.edu.au,sudo.eresearch.unimelb.edu.au,1
research.unimelb.edu.au,www.ado.eresearch.unimelb.edu.au,1
research.unimelb.edu.au,replicats.research.unimelb.edu.au,1
research.unimelb.edu.au,www.eresearch.unimelb.edu.au,1
research.unimelb.edu.au,capim.unimelb.edu.au,1
research.unimelb.edu.au,girg.science.unimelb.edu.au,1
research.unimelb.edu.au,huntlab.science.unimelb.edu.au,1
research.unimelb.edu.au,equinecentre.unimelb.edu.au,1
research.unimelb.edu.au,accounts.unimelb.edu.au,1
research.unimelb.edu.au,tigrrlab.science.unimelb.edu.au,1
research.unimelb.edu.au,art-museum.unimelb.edu.au,1
research.unimelb.edu.au,mentoring.unimelb.edu.au,1
research.unimelb.edu.au,newman.unimelb.edu.au,1
research.unimelb.edu.au,projects.eng.unimelb.edu.au,1
research.unimelb.edu.au,endeavour.unimelb.edu.au,1
research.unimelb.edu.au,hildas.unimelb.edu.au,1
research.unimelb.edu.au,mcm.unimelb.edu.au,1
research.unimelb.edu.au,safes.unimelb.edu.au,1
research.unimelb.edu.au,sgeas.unimelb.edu.au,1
research.unimelb.edu.au,mbs.unimelb.edu.au,1
research.unimelb.edu.au,le.unimelb.edu.au,1
research.unimelb.edu.au,woodymeadow.unimelb.edu.au,1
research.unimelb.edu.au,ourcampus.unimelb.edu.au,1
research.unimelb.edu.au,search.unimelb.edu.au,1
research.unimelb.edu.au,graduate.arts.unimelb.edu.au,1
research.unimelb.edu.au,omeka.cloud.unimelb.edu.au,1
research.unimelb.edu.au,harrybrookesallenmuseum.mdhs.unimelb.edu.au,1
research.unimelb.edu.au,earthsci.unimelb.edu.au,1
research.unimelb.edu.au,research.finearts-music.unimelb.edu.au,1
research.unimelb.edu.au,art2021.finearts-music.unimelb.edu.au,1
research.unimelb.edu.au,infur.msd.unimelb.edu.au,1
research.unimelb.edu.au,acahuch.msd.unimelb.edu.au,1
research.unimelb.edu.au,www.annualreport.about.unimelb.edu.au,1
research.unimelb.edu.au,genomic-cancer-medicine.unimelb.edu.au,1
research.unimelb.edu.au,sport.unimelb.edu.au,1
research.unimelb.edu.au,chemicalanalysis.unimelb.edu.au,1
research.unimelb.edu.au,scip.unimelb.edu.au,1
research.unimelb.edu.au,www.aii.unimelb.edu.au,1
research.unimelb.edu.au,archives.library.unimelb.edu.au,1
scholarships.unimelb.edu.au,arts.unimelb.edu.au,1
scholarships.unimelb.edu.au,mdhs.unimelb.edu.au,1
scholarships.unimelb.edu.au,findanexpert.unimelb.edu.au,1
scholarships.unimelb.edu.au,sis.unimelb.edu.au,1
scholarships.unimelb.edu.au,ecommerce.unimelb.edu.au,1
scholarships.unimelb.edu.au,blogs.unimelb.edu.au,1
scholarships.unimelb.edu.au,www.unimelb.edu.au,1
scholarships.unimelb.edu.au,q.surveys.unimelb.edu.au,1
science.unimelb.edu.au,intl.umsu.unimelb.edu.au,1
science.unimelb.edu.au,career-checklist.unimelb.edu.au,1
science.unimelb.edu.au,your.unimelb.edu.au,1
science.unimelb.edu.au,eng.unimelb.edu.au,1
science.unimelb.edu.au,q.surveys.unimelb.edu.au,1
science.unimelb.edu.au,pf-fire.science.unimelb.edu.au,1
science.unimelb.edu.au,jobs.unimelb.edu.au,1
science.unimelb.edu.au,huntlab.science.unimelb.edu.au,1
science.unimelb.edu.au,www.unicol.unimelb.edu.au,1
science.unimelb.edu.au,safercommunity.unimelb.edu.au,1
science.unimelb.edu.au,forms.your.unimelb.edu.au,1
science.unimelb.edu.au,gateway.research.unimelb.edu.au,1
science.unimelb.edu.au,mdhs.unimelb.edu.au,1
services.unimelb.edu.au,sso.unimelb.edu.au,1
services.unimelb.edu.au,lists.unimelb.edu.au,1
services.unimelb.edu.au,forms.your.unimelb.edu.au,1
services.unimelb.edu.au,careers.unimelb.edu.au,1
services.unimelb.edu.au,psychologicalsciences.unimelb.edu.au,1
services.unimelb.edu.au,ask.unimelb.edu.au,1
students.unimelb.edu.au,scc.ms.unimelb.edu.au,1
students.unimelb.edu.au,www.services.unimelb.edu.au,1
students.unimelb.edu.au,safety.unimelb.edu.au,1
students.unimelb.edu.au,grainger.unimelb.edu.au,1
students.unimelb.edu.au,currentstudents.eng.unimelb.edu.au,1
students.unimelb.edu.au,fvas.unimelb.edu.au,1
students.unimelb.edu.au,cat2.lib.unimelb.edu.au,1
students.unimelb.edu.au,mediaspace.unimelb.edu.au,1
students.unimelb.edu.au,internationalstudenttravelpass.unimelb.edu.au,1
students.unimelb.edu.au,intl.umsu.unimelb.edu.au,1
students.unimelb.edu.au,shop.unimelb.edu.au,1
students.unimelb.edu.au,jobs.unimelb.edu.au,1
students.unimelb.edu.au,mdhs-study.unimelb.edu.au,1
students.unimelb.edu.au,bsc.unimelb.edu.au,1
students.unimelb.edu.au,intlstudaccept.unimelb.edu.au,1
students.unimelb.edu.au,provost.unimelb.edu.au,1
study.unimelb.edu.au,careersonline.unimelb.edu.au,1
study.unimelb.edu.au,copyright.unimelb.edu.au,1
study.unimelb.edu.au,le.unimelb.edu.au,1
study.unimelb.edu.au,minerva.unimelb.edu.au,1
study.unimelb.edu.au,shop.unimelb.edu.au,1
study.unimelb.edu.au,melbourne-cshe.unimelb.edu.au,1
study.unimelb.edu.au,www.eng.unimelb.edu.au,1
study.unimelb.edu.au,sefs-saf.unimelb.edu.au,1
study.unimelb.edu.au,www.ormond.unimelb.edu.au,1
study.unimelb.edu.au,ormond.unimelb.edu.au,1
study.unimelb.edu.au,huntlab.science.unimelb.edu.au,1
study.unimelb.edu.au,provost.unimelb.edu.au,1
study.unimelb.edu.au,designproduction2022.finearts-music.unimelb.edu.au,1
study.unimelb.edu.au,geography.unimelb.edu.au,1
study.unimelb.edu.au,www.queens.unimelb.edu.au,1
study.unimelb.edu.au,art-museum.unimelb.edu.au,1
study.unimelb.edu.au,cedrr.le.unimelb.edu.au,1
study.unimelb.edu.au,credit.futurestudents.unimelb.edu.au,1
study.unimelb.edu.au,indigenousknowledge.unimelb.edu.au,1
study.unimelb.edu.au,poche.mdhs.unimelb.edu.au,1
study.unimelb.edu.au,archive.handbook.unimelb.edu.au,1
study.unimelb.edu.au,acahuch.msd.unimelb.edu.au,1
study.unimelb.edu.au,go.unimelb.edu.au,1
study.unimelb.edu.au,bsc.unimelb.edu.au,1
study.unimelb.edu.au,www.microbiol.unimelb.edu.au,1
study.unimelb.edu.au,graduate.arts.unimelb.edu.au,1
study.unimelb.edu.au,mobility.unimelb.edu.au,1
study.unimelb.edu.au,melbourneinstitute.unimelb.edu.au,1
study.unimelb.edu.au,medleyhall.unimelb.edu.au,1
study.unimelb.edu.au,ihouse.unimelb.edu.au,1
www.unimelb.edu.au,sso.unimelb.edu.au,1
www.unimelb.edu.au,search.unimelb.edu.au,1
www.unimelb.edu.au,www.alumni.unimelb.edu.au,1
www.unimelb.edu.au,gradresearch.unimelb.edu.au,1
www.unimelb.edu.au,unimelb.edu.au,1
www.unimelb.edu.au,pursuit.unimelb.edu.au,1
www.unimelb.edu.au,mcm.unimelb.edu.au,1
www.unimelb.edu.au,art-museum.unimelb.edu.au,1
www.unimelb.edu.au,grainger.unimelb.edu.au,1
www.unimelb.edu.au,finearts-music.unimelb.edu.au,1
www.unimelb.edu.au,museumsandcollections.unimelb.edu.au,1
www.unimelb.edu.au,careersonline.unimelb.edu.au,1
www.unimelb.edu.au,dental.unimelb.edu.au,1
www.unimelb.edu.au,go.unimelb.edu.au,1
www.unimelb.edu.au,maps.unimelb.edu.au,1
www.unimelb.edu.au,murrupbarak.unimelb.edu.au,1
www.unimelb.edu.au,giving.unimelb.edu.au,1
