domain,url,title
arts.unimelb.edu.au,https://arts.unimelb.edu.au/?a=,Page not found
arts.unimelb.edu.au,https://arts.unimelb.edu.au/engage/community-education,404 : Page not found | Error
arts.unimelb.edu.au,https://arts.unimelb.edu.au/school-of-social-and-political-sciences/our-research/research-projects/migration-and-mobility-research-network-mmrn,404 : Page not found | Error
arts.unimelb.edu.au,https://arts.unimelb.edu.au/study/applicants-old/graduate-research-old1/frequently-asked-questions,404 : Page not found | Error
arts.unimelb.edu.au,https://arts.unimelb.edu.au/news/past-news/billy-griffiths-awarded-2019-ernest-scott-prize,404 : Page not found | Error
arts.unimelb.edu.au,https://arts.unimelb.edu.au/engage/engage-assets/archive/community-education,404 : Page not found | Error
arts.unimelb.edu.au,https://arts.unimelb.edu.au/scholarships/graduate-research,404 : Page not found | Error
arts.unimelb.edu.au,https://arts.unimelb.edu.au/school-of-social-and-political-sciences/partnerships/scope-university-of-melbourne-partnership,404 : Page not found | Error
arts.unimelb.edu.au,https://arts.unimelb.edu.au/school-of-languages-and-linguistics/our-research/research-centres-hubs-and-units/*%09https:/pursuit.unimelb.edu.au/articles/a-life-sentence-for-a-crime-he-may-not-have-committed-and-there-could-be-more-just-like-him,Page not found
arts.unimelb.edu.au,https://arts.unimelb.edu.au/school-of-languages-and-linguistics/resources/outbound-exchange,404 : Page not found | Error
arts.unimelb.edu.au,https://arts.unimelb.edu.au/news/2020-ernest-scott-prize-shortlist-announced,Page not found
arts.unimelb.edu.au,https://arts.unimelb.edu.au/news/past-news/?external-uuid=32746f85-5868-4754-b906-e4861a28314f,Page not found
arts.unimelb.edu.au,https://arts.unimelb.edu.au/julia-gillard,Page not found
arts.unimelb.edu.au,https://arts.unimelb.edu.au/julia-gillard/about,Page not found
arts.unimelb.edu.au,https://arts.unimelb.edu.au/julia-gillard/books,Page not found
arts.unimelb.edu.au,https://arts.unimelb.edu.au/julia-gillard/current-work,Page not found
arts.unimelb.edu.au,https://arts.unimelb.edu.au/julia-gillard/podcast,Page not found
arts.unimelb.edu.au,https://arts.unimelb.edu.au/julia-gillard/statements,Page not found
arts.unimelb.edu.au,https://arts.unimelb.edu.au/julia-gillard/contact,Page not found
arts.unimelb.edu.au,https://arts.unimelb.edu.au/about/international-engagement/europe-asia-security-and-trade-network-east,404 : Page not found | Error
arts.unimelb.edu.au,https://arts.unimelb.edu.au/scholarships/school/graduate-research,404 : Page not found | Error
arts.unimelb.edu.au,https://arts.unimelb.edu.au/school-of-culture-and-communication/our-research/groups-and-resource-centre/critical-research-association-melbourne/events/events-calendars/www.artprogramme.org,Page not found
arts.unimelb.edu.au,https://arts.unimelb.edu.au/school-of-social-and-political-sciences/our-people/graduate-researchers/profiles/asangi-mira-gunawansa,Page not found
arts.unimelb.edu.au,https://arts.unimelb.edu.au/archive/the-policy-lab,404 : Page not found | Error
arts.unimelb.edu.au,https://arts.unimelb.edu.au/students/undergraduate/enrich-your-bachelor-of-arts/academic-mentoring/dr-lara-anderson,404 : Page not found | Error
arts.unimelb.edu.au,https://arts.unimelb.edu.au/students/undergraduate/enrich-your-bachelor-of-arts/work-integrated-learning-internships2,404 : Page not found | Error
arts.unimelb.edu.au,https://arts.unimelb.edu.au/school-of-historical-and-philosophical-studies/archive/our-people,404 : Page not found | Error
arts.unimelb.edu.au,https://arts.unimelb.edu.au/scholarships/school/asia-institute-old,404 : Page not found | Error
arts.unimelb.edu.au,https://arts.unimelb.edu.au/scholarships/school/accepting-your-award,404 : Page not found | Error
arts.unimelb.edu.au,https://arts.unimelb.edu.au/articulation/editions/2017-editions/december-2017/award-recognises-the-power-of-multi-talented-storyteller,404 : Page not found | Error
biomedicalsciences.unimelb.edu.au,https://biomedicalsciences.unimelb.edu.au/research/research-themes/biomedical-projects-by-theme/www.findanexpert.unimelb.edu.au/display/person15723,Page not found
biomedicalsciences.unimelb.edu.au,https://biomedicalsciences.unimelb.edu.au/research/research-themes/www.findanexpert.unimelb.edu.au/display/person15723,Page not found
biomedicalsciences.unimelb.edu.au,https://biomedicalsciences.unimelb.edu.au/sbs-research-groups/microbiology-and-immunology-research/adaptive-immune-responses-to-virus-infections,Page not found
biomedicalsciences.unimelb.edu.au,https://biomedicalsciences.unimelb.edu.au/departments/anatomy-and-neuroscience/research/services/phenomics-australia-histopathology-and-digital-slide-service/services,Page not found
biomedicalsciences.unimelb.edu.au,https://biomedicalsciences.unimelb.edu.au/departments/?a=,Page not found
biomedicalsciences.unimelb.edu.au,https://biomedicalsciences.unimelb.edu.au/sbs-research-groups/microbiology-and-immunology-research-groups/*https://linktr.ee/mrs_bongoghana,Page not found
biomedicalsciences.unimelb.edu.au,https://biomedicalsciences.unimelb.edu.au/sbs-research-groups/microbiology-and-immunology-research-groups/*https://linktr.ee/var_genestudies,Page not found
biomedicalsciences.unimelb.edu.au,https://biomedicalsciences.unimelb.edu.au/sbs-research-groups/microbiology-and-immunology-research/hiv-vaccines-immune-responses-to-hiv-1-immunotherapy/antibody-dependent-cellular-cytotoxicity-a-neglected-anti-hiv-immune-response!,Page not found
biomedicalsciences.unimelb.edu.au,https://biomedicalsciences.unimelb.edu.au/sbs-research-groups/microbiology-and-immunology-research/hiv-vaccines-immune-responses-to-hiv-1-immunotherapy/non-conventional-t-cells-HIV-role-of-NKT-cells-MAIT-cells-CD-1-restricted-gamma-delta-t-cells,Page not found
biomedicalsciences.unimelb.edu.au,https://biomedicalsciences.unimelb.edu.au/sbs-research-groups/microbiology-and-immunology-research/hiv-vaccines-immune-responses-to-hiv-1-immunotherapy/nanoparticle-hiv-vaccines,Page not found
biomedicalsciences.unimelb.edu.au,https://biomedicalsciences.unimelb.edu.au/sbs-research-groups/microbiology-and-immunology-research-groups/xin.lim@unimelb.edu.au,Page not found
biomedicalsciences.unimelb.edu.au,https://biomedicalsciences.unimelb.edu.au/sbs-research-groups/microbiology-and-immunology-research/mantamadiotis-lab-brain-cancer-molecular-biology,Page not found
biomedicalsciences.unimelb.edu.au,https://biomedicalsciences.unimelb.edu.au/visit/avru,404 : Page not found | Error
biomedicalsciences.unimelb.edu.au,https://biomedicalsciences.unimelb.edu.au/sbs-research-groups/microbiology-and-immunology-research-groups/pathogenesis-of-bacterial-infections/www.findanexpert.unimelb.edu.au/display/person15723,Page not found
biomedicalsciences.unimelb.edu.au,https://biomedicalsciences.unimelb.edu.au/departments/microbiology-Immunology/bespoke-group/doi.org/10.1126/science.aay5516,Page not found
biomedicalsciences.unimelb.edu.au,https://biomedicalsciences.unimelb.edu.au/departments/microbiology-Immunology/bespoke-group/doi.org/10.3389/fimmu.2019.02846,Page not found
biomedicalsciences.unimelb.edu.au,https://biomedicalsciences.unimelb.edu.au/departments/microbiology-Immunology/bespoke-group/?external-uuid=108f3fd4-a9d5-4a1a-88f3-bdc3cf096099,Page not found
biomedicalsciences.unimelb.edu.au,https://biomedicalsciences.unimelb.edu.au/departments/microbiology-Immunology/bespoke-group/?external-uuid=fd8492ea-a1ab-40f1-998c-255f58103e36,Page not found
biomedicalsciences.unimelb.edu.au,https://biomedicalsciences.unimelb.edu.au/departments/microbiology-Immunology/bespoke-group/?external-uuid=88f9e50e-8378-4adb-bd24-002bb934c869,Page not found
biomedicalsciences.unimelb.edu.au,https://biomedicalsciences.unimelb.edu.au/departments/microbiology-Immunology/bespoke-group/?external-uuid=a1e97f49-25a3-43bf-9316-7d755623e153,Page not found
biomedicalsciences.unimelb.edu.au,https://biomedicalsciences.unimelb.edu.au/study/master-of-biomedical-science/?a=,Page not found
biomedicalsciences.unimelb.edu.au,https://biomedicalsciences.unimelb.edu.au/research/master-of-biomedical-science/?a=,Page not found
biomedicalsciences.unimelb.edu.au,https://biomedicalsciences.unimelb.edu.au/departments/microbiology-Immunology/engage/bo-and-merang,404 : Page not found | Error
biomedicalsciences.unimelb.edu.au,https://biomedicalsciences.unimelb.edu.au/sbs-research-groups/research-groups/adaptive-immune-responses-to-virus-infections,Page not found
biomedicalsciences.unimelb.edu.au,https://biomedicalsciences.unimelb.edu.au/departments/anatomy-and-physiology/engage/scs/study/honours-and-graduate-research/?external-uuid=b7e74f80-d9e5-4d29-a106-5c162ebc6275,Page not found
biomedicalsciences.unimelb.edu.au,https://biomedicalsciences.unimelb.edu.au/departments/archived-departments/anatomy-and-neuroscience/research/services/phenomics-australia-histopathology-and-digital-slide-service/access,Page not found
biomedicalsciences.unimelb.edu.au,https://biomedicalsciences.unimelb.edu.au/departments/physiology/research/services/mmmpp,Page not found
biomedicalsciences.unimelb.edu.au,https://biomedicalsciences.unimelb.edu.au/departments/physiology/research/services/mmmpp/equipment-and-services,Page not found
biomedicalsciences.unimelb.edu.au,https://biomedicalsciences.unimelb.edu.au/cytometry.org.au,Page not found
biomedicalsciences.unimelb.edu.au,https://biomedicalsciences.unimelb.edu.au/isac-net.org,Page not found
biomedicalsciences.unimelb.edu.au,https://biomedicalsciences.unimelb.edu.au/research/services/research-equipment/www.microscopy.unimelb.edu.au,Page not found
biomedicalsciences.unimelb.edu.au,https://biomedicalsciences.unimelb.edu.au/sbs-research-groups/anatomy-and-neuroscience-research/jack-brockhoff-reconstructive-plastic-surgery-research-unit,Page not found
biomedicalsciences.unimelb.edu.au,https://biomedicalsciences.unimelb.edu.au/departments/anatomy-and-physiology/about/*%09https:/biomedicalsciences.unimelb.edu.au/departments/anatomy-and-neuroscience/about-us/history,Page not found
biomedicalsciences.unimelb.edu.au,https://biomedicalsciences.unimelb.edu.au/departments/anatomy-and-physiology/about/*%09https:/biomedicalsciences.unimelb.edu.au/departments/physiology/about-us/history,Page not found
biomedicalsciences.unimelb.edu.au,https://biomedicalsciences.unimelb.edu.au/departments/anatomy-and-physiology/research/?a=,Page not found
biomedicalsciences.unimelb.edu.au,https://biomedicalsciences.unimelb.edu.au/departments/department-of-biochemistry-and-pharmacology/research/?a=,Page not found
biomedicalsciences.unimelb.edu.au,https://biomedicalsciences.unimelb.edu.au/departments/department-of-biochemistry-and-pharmacology/about/?a=,Page not found
biomedicalsciences.unimelb.edu.au,https://biomedicalsciences.unimelb.edu.au/departments?a=,Page not found
biomedicalsciences.unimelb.edu.au,https://biomedicalsciences.unimelb.edu.au/departments/microbiology-Immunology/about-us/?a=,Page not found
biomedicalsciences.unimelb.edu.au,https://biomedicalsciences.unimelb.edu.au/departments/anatomy-and-physiology/engage/centre-for-muscle-research/study/?a=,Page not found
biomedicalsciences.unimelb.edu.au,https://biomedicalsciences.unimelb.edu.au/sbs-research-groups/physiology/clinical-nutrition-and-muscle-metabolism,404 : Page not found | Error
biomedicalsciences.unimelb.edu.au,https://biomedicalsciences.unimelb.edu.au/departments/anatomy-and-physiology/engage/centre-for-muscle-research/engage/alaina.lee@unimelb.edu.au,Page not found
biomedicalsciences.unimelb.edu.au,https://biomedicalsciences.unimelb.edu.au/sbs-research-groups/physiology/Porrello-lab-Cardiac-Regeneration,404 : Page not found | Error
biomedicalsciences.unimelb.edu.au,https://biomedicalsciences.unimelb.edu.au/sbs-research-groups/research-groups/hiv-vaccines-immune-responses-to-hiv-1-immunotherapy/antibody-dependent-cellular-cytotoxicity-a-neglected-anti-hiv-immune-response!,Page not found
biomedicalsciences.unimelb.edu.au,https://biomedicalsciences.unimelb.edu.au/sbs-research-groups/research-groups/hiv-vaccines-immune-responses-to-hiv-1-immunotherapy/non-conventional-t-cells-HIV-role-of-NKT-cells-MAIT-cells-CD-1-restricted-gamma-delta-t-cells,Page not found
biomedicalsciences.unimelb.edu.au,https://biomedicalsciences.unimelb.edu.au/sbs-research-groups/research-groups/hiv-vaccines-immune-responses-to-hiv-1-immunotherapy/nanoparticle-hiv-vaccines,Page not found
biomedicalsciences.unimelb.edu.au,https://biomedicalsciences.unimelb.edu.au/sbs-research-groups/research-groups/mantamadiotis-lab-brain-cancer-molecular-biology,Page not found
biomedicalsciences.unimelb.edu.au,https://biomedicalsciences.unimelb.edu.au/sbs-research-groups/biochemistry-and-pharmacology-research/AVRU-Australian-venom-research-unit,404 : Page not found | Error
biomedicalsciences.unimelb.edu.au,https://biomedicalsciences.unimelb.edu.au/departments/microbiology-Immunology/bespoke-group/Kent-Laboratory-Blog/doi.org/10.1126/science.aay5516,Page not found
biomedicalsciences.unimelb.edu.au,https://biomedicalsciences.unimelb.edu.au/departments/microbiology-Immunology/bespoke-group/Kent-Laboratory-Blog/doi.org/10.3389/fimmu.2019.02846,Page not found
biomedicalsciences.unimelb.edu.au,https://biomedicalsciences.unimelb.edu.au/departments/microbiology-Immunology/bespoke-group/Kent-Laboratory-Blog/?external-uuid=108f3fd4-a9d5-4a1a-88f3-bdc3cf096099,Page not found
biomedicalsciences.unimelb.edu.au,https://biomedicalsciences.unimelb.edu.au/departments/microbiology-Immunology/bespoke-group/Kent-Laboratory-Blog/?external-uuid=fd8492ea-a1ab-40f1-998c-255f58103e36,Page not found
biomedicalsciences.unimelb.edu.au,https://biomedicalsciences.unimelb.edu.au/departments/microbiology-Immunology/bespoke-group/Kent-Laboratory-Blog/?external-uuid=88f9e50e-8378-4adb-bd24-002bb934c869,Page not found
biomedicalsciences.unimelb.edu.au,https://biomedicalsciences.unimelb.edu.au/departments/microbiology-Immunology/bespoke-group/Kent-Laboratory-Blog/?external-uuid=a1e97f49-25a3-43bf-9316-7d755623e153,Page not found
biomedicalsciences.unimelb.edu.au,https://biomedicalsciences.unimelb.edu.au/departments/microbiology-Immunology/bespoke-group?external-uuid=108f3fd4-a9d5-4a1a-88f3-bdc3cf096099,Page not found
biomedicalsciences.unimelb.edu.au,https://biomedicalsciences.unimelb.edu.au/departments/microbiology-Immunology/bespoke-group?external-uuid=fd8492ea-a1ab-40f1-998c-255f58103e36,Page not found
biomedicalsciences.unimelb.edu.au,https://biomedicalsciences.unimelb.edu.au/departments/microbiology-Immunology/bespoke-group?external-uuid=88f9e50e-8378-4adb-bd24-002bb934c869,Page not found
biomedicalsciences.unimelb.edu.au,https://biomedicalsciences.unimelb.edu.au/departments/microbiology-Immunology/bespoke-group?external-uuid=a1e97f49-25a3-43bf-9316-7d755623e153,Page not found
biomedicalsciences.unimelb.edu.au,https://biomedicalsciences.unimelb.edu.au/study/master-of-biomedical-science?a=,Page not found
biomedicalsciences.unimelb.edu.au,https://biomedicalsciences.unimelb.edu.au/research/master-of-biomedical-science?a=,Page not found
biomedicalsciences.unimelb.edu.au,https://biomedicalsciences.unimelb.edu.au/departments/anatomy-and-physiology/engage/scs/study/honours-and-graduate-research?external-uuid=b7e74f80-d9e5-4d29-a106-5c162ebc6275,Page not found
biomedicalsciences.unimelb.edu.au,https://biomedicalsciences.unimelb.edu.au/departments/archived-departments/physiology/research/services/mmmpp,Page not found
biomedicalsciences.unimelb.edu.au,https://biomedicalsciences.unimelb.edu.au/departments/archived-departments/physiology/research/services/mmmpp/equipment-and-services,Page not found
biomedicalsciences.unimelb.edu.au,https://biomedicalsciences.unimelb.edu.au/cytometry/cytometry.org.au,Page not found
biomedicalsciences.unimelb.edu.au,https://biomedicalsciences.unimelb.edu.au/cytometry/isac-net.org,Page not found
biomedicalsciences.unimelb.edu.au,https://biomedicalsciences.unimelb.edu.au/sbs-research-groups/anatomy-and-physiology-research/Melbourne-Academy-of-Surgical-Anatomy/jack-brockhoff-reconstructive-plastic-surgery-research-unit,Page not found
biomedicalsciences.unimelb.edu.au,https://biomedicalsciences.unimelb.edu.au/departments/anatomy-and-physiology/research?a=,Page not found
biomedicalsciences.unimelb.edu.au,https://biomedicalsciences.unimelb.edu.au/departments/department-of-biochemistry-and-pharmacology/research?a=,Page not found
biomedicalsciences.unimelb.edu.au,https://biomedicalsciences.unimelb.edu.au/departments/department-of-biochemistry-and-pharmacology/?a=,Page not found
biomedicalsciences.unimelb.edu.au,https://biomedicalsciences.unimelb.edu.au/departments/department-of-biochemistry-and-pharmacology/about?a=,Page not found
biomedicalsciences.unimelb.edu.au,https://biomedicalsciences.unimelb.edu.au/departments/department-of-biochemistry-and-pharmacology/engage/avru/discover/snakes/which-is-the-most-venomous-snake,404 : Page not found | Error
biomedicalsciences.unimelb.edu.au,https://biomedicalsciences.unimelb.edu.au/departments/department-of-biochemistry-and-pharmacology/engage/avru/about-us/Snake%20bite:%20a%20global%20failure%20to%20act%20costs%20thousands%20of%20lives%20each%20year,Page not found
biomedicalsciences.unimelb.edu.au,https://biomedicalsciences.unimelb.edu.au/departments/microbiology-Immunology/about-us?a=,Page not found
biomedicalsciences.unimelb.edu.au,https://biomedicalsciences.unimelb.edu.au/departments/anatomy-and-physiology/engage/centre-for-muscle-research/study?a=,Page not found
biomedicalsciences.unimelb.edu.au,https://biomedicalsciences.unimelb.edu.au/sbs-research-groups/anatomy-and-physiology-research/muscle-biology/clinical-nutrition-and-muscle-metabolism,404 : Page not found | Error
biomedicalsciences.unimelb.edu.au,https://biomedicalsciences.unimelb.edu.au/sbs-research-groups/anatomy-and-physiology-research/stem-cell-and-developmental-biology/Porrello-lab-Cardiac-Regeneration,404 : Page not found | Error
biomedicalsciences.unimelb.edu.au,https://biomedicalsciences.unimelb.edu.au/departments/microbiology-Immunology/bespoke-group/Kent-Laboratory-Blog?external-uuid=108f3fd4-a9d5-4a1a-88f3-bdc3cf096099,Page not found
biomedicalsciences.unimelb.edu.au,https://biomedicalsciences.unimelb.edu.au/departments/microbiology-Immunology/bespoke-group/Kent-Laboratory-Blog?external-uuid=fd8492ea-a1ab-40f1-998c-255f58103e36,Page not found
biomedicalsciences.unimelb.edu.au,https://biomedicalsciences.unimelb.edu.au/departments/microbiology-Immunology/bespoke-group/Kent-Laboratory-Blog?external-uuid=88f9e50e-8378-4adb-bd24-002bb934c869,Page not found
biomedicalsciences.unimelb.edu.au,https://biomedicalsciences.unimelb.edu.au/departments/microbiology-Immunology/bespoke-group/Kent-Laboratory-Blog?external-uuid=a1e97f49-25a3-43bf-9316-7d755623e153,Page not found
biomedicalsciences.unimelb.edu.au,https://biomedicalsciences.unimelb.edu.au/sbs-research-groups/anatomy-and-neuroscience-research2-trash/rutar-laboratory-ocular-neuroimmunology,404 : Page not found | Error
biomedicalsciences.unimelb.edu.au,https://biomedicalsciences.unimelb.edu.au/departments/anatomy-and-physiology/engage/scs/research/research-groups/?external-uuid=743d4986-864d-4d6b-94c4-915834f22852,Page not found
biomedicalsciences.unimelb.edu.au,https://biomedicalsciences.unimelb.edu.au/departments/anatomy-and-neuroscience/engage/cscs/about-us/staff/dr-rosa-mccarty,Page not found
biomedicalsciences.unimelb.edu.au,https://biomedicalsciences.unimelb.edu.au/departments/department-of-biochemistry-and-pharmacology?a=,Page not found
biomedicalsciences.unimelb.edu.au,https://biomedicalsciences.unimelb.edu.au/departments/anatomy-and-physiology/engage/scs/research/research-groups?external-uuid=743d4986-864d-4d6b-94c4-915834f22852,Page not found
biomedicalsciences.unimelb.edu.au,https://biomedicalsciences.unimelb.edu.au/departments/anatomy-and-physiology/engage/scs/about-us/staff/dr-rosa-mccarty,Page not found
biomedicalsciences.unimelb.edu.au,https://biomedicalsciences.unimelb.edu.au/departments/anatomy-and-physiology/engage/scs/archive/?external-uuid=d0d175fe-c9f2-4794-a263-58bba271f6c5,Page not found
biomedicalsciences.unimelb.edu.au,https://biomedicalsciences.unimelb.edu.au/departments/anatomy-and-physiology/engage/scs/archive/?external-uuid=b001a46b-4307-4d6b-85d2-c6ca2e535bf5,Page not found
biomedicalsciences.unimelb.edu.au,https://biomedicalsciences.unimelb.edu.au/departments/anatomy-and-physiology/engage/scs/archive?external-uuid=d0d175fe-c9f2-4794-a263-58bba271f6c5,Page not found
biomedicalsciences.unimelb.edu.au,https://biomedicalsciences.unimelb.edu.au/departments/anatomy-and-physiology/engage/scs/archive?external-uuid=b001a46b-4307-4d6b-85d2-c6ca2e535bf5,Page not found
biomedicalsciences.unimelb.edu.au,https://biomedicalsciences.unimelb.edu.au/departments/anatomy-and-physiology/engage/scs/assets/archive-page/people/?external-uuid=743d4986-864d-4d6b-94c4-915834f22852,Page not found
biomedicalsciences.unimelb.edu.au,https://biomedicalsciences.unimelb.edu.au/departments/anatomy-and-physiology/engage/scs/assets/archive-page/people/mail%20to:david.gardner@unimelb.edu.au,Page not found
biomedicalsciences.unimelb.edu.au,https://biomedicalsciences.unimelb.edu.au/departments/anatomy-and-neuroscience/engage/cscs/people/early-career-researcher/https://www.mcri.edu.au/users/enzo-porrello,Page not found
biomedicalsciences.unimelb.edu.au,https://biomedicalsciences.unimelb.edu.au/departments/anatomy-and-neuroscience/engage/cscs/people/early-career-researcher/https://www.wehi.edu.au/people/shalin-naik,Page not found
biomedicalsciences.unimelb.edu.au,https://biomedicalsciences.unimelb.edu.au/departments/anatomy-and-physiology/engage/scs/assets/archive-page/people?external-uuid=743d4986-864d-4d6b-94c4-915834f22852,Page not found
biomedicalsciences.unimelb.edu.au,"https://biomedicalsciences.unimelb.edu.au/departments/anatomy-and-physiology/engage/scs/archive/To%20learn%20more%20about%20Geraldine%E2%80%99s%20research,%20visit%20the%20St%20Vincent%E2%80%99s%20Institute%20of%20Medical%20Research%20website.",Page not found
biomedicalsciences.unimelb.edu.au,https://biomedicalsciences.unimelb.edu.au/study/master-of-biomedical-science/meet-our-experts-and-discover-research-possibilities/?a=,Page not found
biomedicalsciences.unimelb.edu.au,https://biomedicalsciences.unimelb.edu.au/study/master-of-biomedical-science/meet-our-experts-and-discover-research-possibilities?a=,Page not found
biomedicalsciences.unimelb.edu.au,https://biomedicalsciences.unimelb.edu.au/news-and-events/archive-news/mj-gething-meets-awardees,404 : Page not found | Error
biomedicalsciences.unimelb.edu.au,https://biomedicalsciences.unimelb.edu.au/about/professor-fabienne-mackay,Page not found
biomedicalsciences.unimelb.edu.au,https://biomedicalsciences.unimelb.edu.au/departments/pharmacology/engage/avru,Page not found
biomedicalsciences.unimelb.edu.au,https://biomedicalsciences.unimelb.edu.au/departments/archived-departments/pharmacology/study/stop,404 : Page not found | Error
biomedicalsciences.unimelb.edu.au,https://biomedicalsciences.unimelb.edu.au/departments/archived-departments/pharmacology/study/honours-and-masters-by-coursework-pharmacology,404 : Page not found | Error
biomedicalsciences.unimelb.edu.au,https://biomedicalsciences.unimelb.edu.au/departments/pharmacology/engage/australian-venom-research-unit,Page not found
biomedicalsciences.unimelb.edu.au,https://biomedicalsciences.unimelb.edu.au/departments/microbiology-Immunology/bespoke-group/Kent-Laboratory-Blog/blogs/www.hivr4p.org/,Page not found
biomedicalsciences.unimelb.edu.au,https://biomedicalsciences.unimelb.edu.au/departments/microbiology-Immunology/bespoke-group/Kent-Laboratory-Blog/blogs/www.eavi2020.eu/,Page not found
biomedicalsciences.unimelb.edu.au,https://biomedicalsciences.unimelb.edu.au/departments/microbiology-Immunology/bespoke-group/Kent-Laboratory-Blog/blogs/www.hivr4p.org,Page not found
biomedicalsciences.unimelb.edu.au,https://biomedicalsciences.unimelb.edu.au/departments/microbiology-Immunology/bespoke-group/Kent-Laboratory-Blog/blogs/www.eavi2020.eu,Page not found
biomedicalsciences.unimelb.edu.au,https://biomedicalsciences.unimelb.edu.au/departments/department-of-biochemistry-and-pharmacology/engage/avru/news-and-events/snake-man,404 : Page not found | Error
biomedicalsciences.unimelb.edu.au,https://biomedicalsciences.unimelb.edu.au/news-and-events/immune-response-to-covid-19-spike-protein,404 : Page not found | Error
biomedicalsciences.unimelb.edu.au,https://biomedicalsciences.unimelb.edu.au/news-and-events/archive-news/introducing-the-fabienne-mackay-award,404 : Page not found | Error
biomedicalsciences.unimelb.edu.au,https://biomedicalsciences.unimelb.edu.au/news-and-events/celebrating-our-latest-recipients-of-mj-gething-gender-equity-award,404 : Page not found | Error
biomedicalsciences.unimelb.edu.au,https://biomedicalsciences.unimelb.edu.au/news-and-events/archive-news/congratulations-to-our-2021-mj-gething-awards-winners,404 : Page not found | Error
biomedicalsciences.unimelb.edu.au,https://biomedicalsciences.unimelb.edu.au/news-and-events/mj-gething-meets-awardees,404 : Page not found | Error
biomedicalsciences.unimelb.edu.au,https://biomedicalsciences.unimelb.edu.au/news-and-events/%3Ca%20href=%22https://findanexpert.unimelb.edu.au/profile/822790-stacey-keenan%22%20target=%22_blank%22%3E,Page not found
biomedicalsciences.unimelb.edu.au,https://biomedicalsciences.unimelb.edu.au/news-and-events/archive-news/Read%20more%20https://biomedicalsciences.unimelb.edu.au/news-and-events/congratulations-to-our-new-professors-and-excellent-scholars,Page not found
biomedicalsciences.unimelb.edu.au,https://biomedicalsciences.unimelb.edu.au/news-and-events/archive-news/This%20article%20was%20written%20by%20Dr%20Thomas%20Burn%20and%20published%20by%20the%20Doherty%20Institute%20on%2030%20January.%20%20Read%20original%20article%20%20The%20Doherty%20Institute%20is%20a%20joint-venture%20between%20the%20University%20of%20Melbourne%20and%20the%20Royal%20Melbourne%20Hospital,Page not found
biomedicalsciences.unimelb.edu.au,"https://biomedicalsciences.unimelb.edu.au/news-and-events/archive-news/covid-19-vaccine-builds-powerful-immune-response-in-first-nations-peoples,-study-finds",404 : Page not found | Error
biomedicalsciences.unimelb.edu.au,https://biomedicalsciences.unimelb.edu.au/news-and-events/archive-news/gregorevic,Page not found
biomedicalsciences.unimelb.edu.au,https://biomedicalsciences.unimelb.edu.au/news-and-events/mj-gething-gender-equity-award-announced,404 : Page not found | Error
biomedicalsciences.unimelb.edu.au,https://biomedicalsciences.unimelb.edu.au/news-and-events/archive-news/?external-uuid=b001a46b-4307-4d6b-85d2-c6ca2e535bf5,Page not found
biomedicalsciences.unimelb.edu.au,https://biomedicalsciences.unimelb.edu.au/departments/department-of-biochemistry-and-pharmacology/engage/avru/blog/style=%22text-align:%20center;%22%3E%3Cstrong%3EThe%20large%20front%20facing%20eyes%20of%20jumping%20spiders%20are%20all%20the%20better%20to%20see%20you%20with.,Page not found
biomedicalsciences.unimelb.edu.au,https://biomedicalsciences.unimelb.edu.au/news-and-events/archive-news/immune-response-to-covid-19-spike-protein,404 : Page not found | Error
biomedicalsciences.unimelb.edu.au,https://biomedicalsciences.unimelb.edu.au/departments/microbiology-Immunology/research/centre-for-pathogen-genomics/news-events/doherty.edu.au,Page not found
biomedicalsciences.unimelb.edu.au,https://biomedicalsciences.unimelb.edu.au/news-and-events/introducing-the-fabienne-mackay-award,404 : Page not found | Error
biomedicalsciences.unimelb.edu.au,https://biomedicalsciences.unimelb.edu.au/news-and-events/archive-news/%3Ca%20href=%22https://findanexpert.unimelb.edu.au/profile/822790-stacey-keenan%22%20target=%22_blank%22%3E,Page not found
biomedicalsciences.unimelb.edu.au,https://biomedicalsciences.unimelb.edu.au/news-and-events/archive-news/e-meet-a-biomedical-scientist-2022/dr-catherine-palmer,404 : Page not found | Error
biomedicalsciences.unimelb.edu.au,https://biomedicalsciences.unimelb.edu.au/news-and-events/archive-news/e-meet-a-biomedical-scientist-2020,404 : Page not found | Error
biomedicalsciences.unimelb.edu.au,https://biomedicalsciences.unimelb.edu.au/news-and-events/archive-news/skype-a-biomedical-scientist,404 : Page not found | Error
biomedicalsciences.unimelb.edu.au,https://biomedicalsciences.unimelb.edu.au/news-and-events/how-e-meet-informs-and-inspires-the-nex,Page not found
biomedicalsciences.unimelb.edu.au,https://biomedicalsciences.unimelb.edu.au/news-and-events/archive-news/celebrating-our-latest-recipients-of-mj-gething-gender-equity-award,404 : Page not found | Error
biomedicalsciences.unimelb.edu.au,https://biomedicalsciences.unimelb.edu.au/news-and-events/archive-news/fighting-infection-with-curiosity,404 : Page not found | Error
biomedicalsciences.unimelb.edu.au,https://biomedicalsciences.unimelb.edu.au/news-and-events/archive-news/how-the-intricacies-of-tissue-memory-t-cells-could-be-the-future-of-immunotherapies-and-vaccines,404 : Page not found | Error
biomedicalsciences.unimelb.edu.au,https://biomedicalsciences.unimelb.edu.au/news-and-events/archive-news/kat-holt-and-laura-mackay-hhmi-gates-international-research-scholars,404 : Page not found | Error
biomedicalsciences.unimelb.edu.au,https://biomedicalsciences.unimelb.edu.au/news-and-events/archive-news/associate-professor-laura-mackay-awarded-2019-gottschalk-medal,404 : Page not found | Error
biomedicalsciences.unimelb.edu.au,https://biomedicalsciences.unimelb.edu.au/news-and-events/archive-news/dr-laura-mackay-appointed-as-the-first-female-president-of-fimsa,404 : Page not found | Error
biomedicalsciences.unimelb.edu.au,https://biomedicalsciences.unimelb.edu.au/news-and-events/experts-share-soft-skill-career-secrets,404 : Page not found | Error
biomedicalsciences.unimelb.edu.au,https://biomedicalsciences.unimelb.edu.au/news-and-events/archive-news/mj-gething-gender-equity-award-announced,404 : Page not found | Error
biomedicalsciences.unimelb.edu.au,https://biomedicalsciences.unimelb.edu.au/news-and-events/archive-news?external-uuid=b001a46b-4307-4d6b-85d2-c6ca2e535bf5,Page not found
biomedicalsciences.unimelb.edu.au,https://biomedicalsciences.unimelb.edu.au/news-and-events/e-meet-a-biomedical-scientist-2022/ashleigh-hayes,404 : Page not found | Error
biomedicalsciences.unimelb.edu.au,https://biomedicalsciences.unimelb.edu.au/news-and-events/e-meet-a-biomedical-scientist-2022/professor-matthew-watt,404 : Page not found | Error
biomedicalsciences.unimelb.edu.au,https://biomedicalsciences.unimelb.edu.au/news-and-events/e-meet-a-biomedical-scientist-2022/rachel-ye,404 : Page not found | Error
biomedicalsciences.unimelb.edu.au,https://biomedicalsciences.unimelb.edu.au/news-and-events/e-meet-a-biomedical-scientist-2022/dr-shabih-shakeel,404 : Page not found | Error
biomedicalsciences.unimelb.edu.au,https://biomedicalsciences.unimelb.edu.au/news-and-events/e-meet-a-biomedical-scientist-2022/dr-carolien-van-de-sandt,404 : Page not found | Error
biomedicalsciences.unimelb.edu.au,https://biomedicalsciences.unimelb.edu.au/news-and-events/e-meet-a-biomedical-scientist-2022/wuji-zhang,404 : Page not found | Error
biomedicalsciences.unimelb.edu.au,https://biomedicalsciences.unimelb.edu.au/news-and-events/e-meet-a-biomedical-scientist-2022/dr-catherine-palmer,404 : Page not found | Error
biomedicalsciences.unimelb.edu.au,https://biomedicalsciences.unimelb.edu.au/news-and-events/archive-news/experts-share-soft-skill-career-secrets,404 : Page not found | Error
biomedicalsciences.unimelb.edu.au,https://biomedicalsciences.unimelb.edu.au/news-and-events/archive-news/e-meet-a-biomedical-scientist-2022/ashleigh-hayes,404 : Page not found | Error
biomedicalsciences.unimelb.edu.au,https://biomedicalsciences.unimelb.edu.au/news-and-events/archive-news/e-meet-a-biomedical-scientist-2022/professor-matthew-watt,404 : Page not found | Error
biomedicalsciences.unimelb.edu.au,https://biomedicalsciences.unimelb.edu.au/news-and-events/archive-news/e-meet-a-biomedical-scientist-2022/rachel-ye,404 : Page not found | Error
biomedicalsciences.unimelb.edu.au,https://biomedicalsciences.unimelb.edu.au/news-and-events/archive-news/e-meet-a-biomedical-scientist-2022/dr-shabih-shakeel,404 : Page not found | Error
biomedicalsciences.unimelb.edu.au,https://biomedicalsciences.unimelb.edu.au/news-and-events/archive-news/e-meet-a-biomedical-scientist-2022/dr-carolien-van-de-sandt,404 : Page not found | Error
biomedicalsciences.unimelb.edu.au,https://biomedicalsciences.unimelb.edu.au/news-and-events/archive-news/e-meet-a-biomedical-scientist-2022/wuji-zhang,404 : Page not found | Error
dental.unimelb.edu.au,https://dental.unimelb.edu.au/engage/alumni/dent-al/dent-al-2022/building-a-legacy/?external-uuid=aa8389d3-fcdb-4476-81ae-b9301b9807b2,Page not found
dental.unimelb.edu.au,https://dental.unimelb.edu.au/engage/alumni/dent-al/dent-al-2022/building-a-legacy?external-uuid=aa8389d3-fcdb-4476-81ae-b9301b9807b2,Page not found
dental.unimelb.edu.au,https://dental.unimelb.edu.au/study/honours-and-masters/bachelor-of-biomedicine-honours-bh-bmed,404 : Page not found | Error
dental.unimelb.edu.au,https://dental.unimelb.edu.au/study/honours-and-masters/bachelor-of-science-honours-bh-bsc,404 : Page not found | Error
dental.unimelb.edu.au,https://dental.unimelb.edu.au/study/honours-and-masters/master-of-biomedical-science-mc-bmedsc,404 : Page not found | Error
dental.unimelb.edu.au,https://dental.unimelb.edu.au/study/honours-and-masters/bachelor-of-science-honours-bh-sci,404 : Page not found | Error
education.unimelb.edu.au,https://education.unimelb.edu.au/cpp/home,Page not found
education.unimelb.edu.au,https://education.unimelb.edu.au/REEaCh/assets/news/?external-uuid=f8b4c8d2-efea-487e-8271-3617cbdb1266,Page not found
education.unimelb.edu.au,https://education.unimelb.edu.au/research/projects/edge-the-educational-and-developmental-gains-in-early-childhood-study,Page not found
education.unimelb.edu.au,https://education.unimelb.edu.au/REEaCh/assets/news?external-uuid=f8b4c8d2-efea-487e-8271-3617cbdb1266,Page not found
eng.unimelb.edu.au,https://eng.unimelb.edu.au/students/coursework/orientation/after-orientation/whats-next/sap/scholarships/scholarships/m.k.n.-johansen-scholarship-for-the-advancement-of-municipal-engineering/,~ Page not found
eng.unimelb.edu.au,https://eng.unimelb.edu.au/tll/about/tll-staff/greg-bowtell,Page not found
eng.unimelb.edu.au,https://eng.unimelb.edu.au/students/coursework/student-experience/orientation/Melbourne%20Connect%20Building,~ Page not found
eng.unimelb.edu.au,https://eng.unimelb.edu.au/students/coursework/student-experience/orientation/Peter%20Hall%20Building,~ Page not found
eng.unimelb.edu.au,https://eng.unimelb.edu.au/students/coursework/student-experience/internship/preparing-for-and-securing-an-internship,~ Page not found
eng.unimelb.edu.au,https://eng.unimelb.edu.au/students/coursework/student-experience/orientation/after-orientation/whats-next/coursework-students/scholarships/scholarships/m.k.n.-johansen-scholarship-for-the-advancement-of-municipal-engineering,~ Page not found
eng.unimelb.edu.au,https://eng.unimelb.edu.au/mric/current-opportunities,Page not found
eng.unimelb.edu.au,https://eng.unimelb.edu.au/mric/projects/projects-in-the-mallee-region-on-biotic-and-abiotic-stress-detection-using-hyperspectral-and-thermal-imaging,Page not found
eng.unimelb.edu.au,https://eng.unimelb.edu.au/mric/mallee-hydrogen-technology-cluster/cluster-forum,Page not found
eng.unimelb.edu.au,https://eng.unimelb.edu.au/tll/404,Page not found
fbe.unimelb.edu.au,https://fbe.unimelb.edu.au/site/victoriabaranov/home,Page not found
fbe.unimelb.edu.au,https://fbe.unimelb.edu.au/site/victoriabaranov/research,Page not found
fbe.unimelb.edu.au,https://fbe.unimelb.edu.au/site/victoriabaranov/cv,Page not found
fbe.unimelb.edu.au,https://fbe.unimelb.edu.au/site/victoriabaranov/teaching,Page not found
fbe.unimelb.edu.au,https://fbe.unimelb.edu.au/site/victoriabaranov/workshops,Page not found
fbe.unimelb.edu.au,https://fbe.unimelb.edu.au/view/lisa-a-cameron/home,Page not found
fbe.unimelb.edu.au,https://fbe.unimelb.edu.au/view/lisa-a-cameron/research-papers-and-briefs,Page not found
fbe.unimelb.edu.au,https://fbe.unimelb.edu.au/view/lisa-a-cameron/policy-papers-and-commentary,Page not found
fbe.unimelb.edu.au,https://fbe.unimelb.edu.au/site/dianacontreras1/home,Page not found
fbe.unimelb.edu.au,https://fbe.unimelb.edu.au/site/dianacontreras1/academic-research,Page not found
fbe.unimelb.edu.au,https://fbe.unimelb.edu.au/site/dianacontreras1/policy-research,Page not found
fbe.unimelb.edu.au,https://fbe.unimelb.edu.au/view/michelleescobar/main,Page not found
fbe.unimelb.edu.au,https://fbe.unimelb.edu.au/view/michelleescobar/research,Page not found
fbe.unimelb.edu.au,https://fbe.unimelb.edu.au/view/michelleescobar/teaching,Page not found
fbe.unimelb.edu.au,https://fbe.unimelb.edu.au/view/michelleescobar/cv,Page not found
fbe.unimelb.edu.au,https://fbe.unimelb.edu.au/view/marinagertsberg/home,Page not found
fbe.unimelb.edu.au,https://fbe.unimelb.edu.au/view/marinagertsberg/research,Page not found
fbe.unimelb.edu.au,https://fbe.unimelb.edu.au/view/marinagertsberg/cv,Page not found
fbe.unimelb.edu.au,https://fbe.unimelb.edu.au/view/marinagertsberg/personal,Page not found
fbe.unimelb.edu.au,https://fbe.unimelb.edu.au/view/maria-p-recalde/main,Page not found
fbe.unimelb.edu.au,https://fbe.unimelb.edu.au/view/maria-p-recalde/research,Page not found
fbe.unimelb.edu.au,https://fbe.unimelb.edu.au/view/maria-p-recalde/cvbio,Page not found
fbe.unimelb.edu.au,https://fbe.unimelb.edu.au/seminars-conferences,Page not found
fbe.unimelb.edu.au,https://fbe.unimelb.edu.au/teaching,Page not found
fbe.unimelb.edu.au,https://fbe.unimelb.edu.au/cv,Page not found
fbe.unimelb.edu.au,https://fbe.unimelb.edu.au/site/susanjmendez/home,Page not found
fbe.unimelb.edu.au,https://fbe.unimelb.edu.au/site/susanjmendez/academic-research,Page not found
fbe.unimelb.edu.au,https://fbe.unimelb.edu.au/site/susanjmendez/policy-research,Page not found
fbe.unimelb.edu.au,https://fbe.unimelb.edu.au/view/kieutrangnguyen/home,Page not found
fbe.unimelb.edu.au,https://fbe.unimelb.edu.au/view/kieutrangnguyen/research,Page not found
fbe.unimelb.edu.au,https://fbe.unimelb.edu.au/view/kushneelprakash/about-me,Page not found
fbe.unimelb.edu.au,https://fbe.unimelb.edu.au/view/kushneelprakash/cv,Page not found
fbe.unimelb.edu.au,https://fbe.unimelb.edu.au/view/kushneelprakash/engagement,Page not found
fbe.unimelb.edu.au,https://fbe.unimelb.edu.au/view/kushneelprakash/presentations,Page not found
fbe.unimelb.edu.au,https://fbe.unimelb.edu.au/view/kushneelprakash/phd,Page not found
fbe.unimelb.edu.au,https://fbe.unimelb.edu.au/view/kushneelprakash/teaching,Page not found
fbe.unimelb.edu.au,https://fbe.unimelb.edu.au/view/kushneelprakash/awards,Page not found
fbe.unimelb.edu.au,https://fbe.unimelb.edu.au/view/kushneelprakash/resources,Page not found
fbe.unimelb.edu.au,https://fbe.unimelb.edu.au/view/faisalsohail/home,Page not found
fbe.unimelb.edu.au,https://fbe.unimelb.edu.au/view/faisalsohail/research,Page not found
fbe.unimelb.edu.au,https://fbe.unimelb.edu.au/view/dprbyrne/home,Page not found
fbe.unimelb.edu.au,https://fbe.unimelb.edu.au/view/dprbyrne/research,Page not found
fbe.unimelb.edu.au,https://fbe.unimelb.edu.au/view/dprbyrne/bio-lab,Page not found
fbe.unimelb.edu.au,https://fbe.unimelb.edu.au/view/dprbyrne/miow,Page not found
fbe.unimelb.edu.au,https://fbe.unimelb.edu.au/view/emmanuelmurrayleclair/home,Page not found
fbe.unimelb.edu.au,https://fbe.unimelb.edu.au/view/emmanuelmurrayleclair/research,Page not found
fbe.unimelb.edu.au,https://fbe.unimelb.edu.au/view/emmanuelmurrayleclair/teaching,Page not found
fbe.unimelb.edu.au,https://fbe.unimelb.edu.au/view/emmanuelmurrayleclair/cv,Page not found
fbe.unimelb.edu.au,https://fbe.unimelb.edu.au/site/andrealanauze/home,Page not found
fbe.unimelb.edu.au,https://fbe.unimelb.edu.au/site/andrealanauze/home/research,Page not found
fbe.unimelb.edu.au,https://fbe.unimelb.edu.au/site/andrealanauze/home/cv,Page not found
fbe.unimelb.edu.au,https://fbe.unimelb.edu.au/site/gwleslie/home,Page not found
fbe.unimelb.edu.au,https://fbe.unimelb.edu.au/site/gwleslie/home/cv,Page not found
fbe.unimelb.edu.au,https://fbe.unimelb.edu.au/site/gwleslie/home/research,Page not found
fbe.unimelb.edu.au,https://fbe.unimelb.edu.au/site/gwleslie/home/commentary,Page not found
fbe.unimelb.edu.au,https://fbe.unimelb.edu.au/site/gwleslie/home/commentary/20201001,Page not found
fbe.unimelb.edu.au,https://fbe.unimelb.edu.au/site/gwleslie/home/commentary/20210202,Page not found
fbe.unimelb.edu.au,https://fbe.unimelb.edu.au/site/gwleslie/home/commentary/20220525,Page not found
fbe.unimelb.edu.au,https://fbe.unimelb.edu.au/site/gwleslie/home/commentary/20251015_dumdof,Page not found
fbe.unimelb.edu.au,https://fbe.unimelb.edu.au/site/gwleslie/home/commentary/20251127_chargingat14k,Page not found
fbe.unimelb.edu.au,https://fbe.unimelb.edu.au/view/anthonyvandenberg/about-me,Page not found
fbe.unimelb.edu.au,https://fbe.unimelb.edu.au/view/anthonyvandenberg/curriculum-vitae,Page not found
fbe.unimelb.edu.au,https://fbe.unimelb.edu.au/view/anthonyvandenberg/research,Page not found
fbe.unimelb.edu.au,https://fbe.unimelb.edu.au/view/anthonyvandenberg/teaching,Page not found
fbe.unimelb.edu.au,https://fbe.unimelb.edu.au/citations?view_op=view_citation&hl=en&user=JymchcgAAAAJ&citation_for_view=JymchcgAAAAJ:ULOm3_A8WrAC,Page not found
fbe.unimelb.edu.au,https://fbe.unimelb.edu.au/site/nrkettlewell/home,Page not found
fbe.unimelb.edu.au,https://fbe.unimelb.edu.au/site/nrkettlewell/research,Page not found
fbe.unimelb.edu.au,https://fbe.unimelb.edu.au/site/nrkettlewell/ateps,Page not found
fbe.unimelb.edu.au,https://fbe.unimelb.edu.au/site/nrkettlewell/public-engagement,Page not found
fbe.unimelb.edu.au,https://fbe.unimelb.edu.au/site/nrkettlewell/contact,Page not found
fbe.unimelb.edu.au,https://fbe.unimelb.edu.au/newsroom/accounting-pioneers-inducted-into-the-australian-accounting-hall-of-fame,Page not found
fbe.unimelb.edu.au,https://fbe.unimelb.edu.au/newsroom/australian-pioneers-elected-into-aahof,Page not found
finearts-music.unimelb.edu.au,https://finearts-music.unimelb.edu.au/campus-experience/the-stables,Page not found
finearts-music.unimelb.edu.au,https://finearts-music.unimelb.edu.au/campus-experience/margaret-lawrence-gallery,Page not found
finearts-music.unimelb.edu.au,https://finearts-music.unimelb.edu.au/campus-experience/art-studios,Page not found
finearts-music.unimelb.edu.au,https://finearts-music.unimelb.edu.au/campus-experience/performing-arts-building,Page not found
finearts-music.unimelb.edu.au,https://finearts-music.unimelb.edu.au/campus-experience/linear-park,Page not found
finearts-music.unimelb.edu.au,https://finearts-music.unimelb.edu.au/404,Page not found
finearts-music.unimelb.edu.au,https://finearts-music.unimelb.edu.au/study-with-us/discipline-areas/music-performance/?a=,Page not found
finearts-music.unimelb.edu.au,https://finearts-music.unimelb.edu.au/study-with-us/discipline-areas/music-performance?a=,Page not found
handbook.unimelb.edu.au,https://handbook.unimelb.edu.au/courses/mc-cncrsc/continuing-education@unimelb.edu.au,Page not found — The University of Melbourne Handbook
law.unimelb.edu.au,https://law.unimelb.edu.au/centres/www.lexisnexis.com.au,Page not found
law.unimelb.edu.au,https://law.unimelb.edu.au/centres/creel/research/completed-researches/strategic-litigation-on-climate-in-europe,Page not found
law.unimelb.edu.au,https://law.unimelb.edu.au/centres/creel/research/workshops/environmental-law-doctoral-researchers-workshop,Page not found
law.unimelb.edu.au,https://law.unimelb.edu.au/centres/mcle/news-and-events/?external-uuid=ff230ddb-e59d-4aec-8266-a0ced85a1f9a,Page not found
law.unimelb.edu.au,https://law.unimelb.edu.au/mls-staff-listing-records/institute-for-international-law-and-the-humanities/associate-members/claerwen-ohara/claerwen-ohara-profile,Page not found
law.unimelb.edu.au,https://law.unimelb.edu.au/mls-staff-listing-records/institute-for-international-law-and-the-humanities/associate-members/guy-fiti-sinclair/guy-fiti-sinclair,Page not found
law.unimelb.edu.au,https://law.unimelb.edu.au/mls-staff-listing-records/institute-for-international-law-and-the-humanities/associate-members/judith-grbich/judith-grbich,404 - Page not found
law.unimelb.edu.au,https://law.unimelb.edu.au/mls-staff-listing-records/institute-for-international-law-and-the-humanities/past-graduate-researchers/2017/cait-storr/cait-storr,Page not found
law.unimelb.edu.au,https://law.unimelb.edu.au/mls-staff-listing-records/institute-for-international-law-and-the-humanities/past-graduate-researchers/2017/marc-trabsky/marc-trabsky,Page not found
law.unimelb.edu.au,https://law.unimelb.edu.au/centres/cilis/Call-for-Papers,404 : Page not found | Error
law.unimelb.edu.au,https://law.unimelb.edu.au/students/jd/enrichment/pili/subjects/law-apps,Page not found
mdhs.unimelb.edu.au,https://mdhs.unimelb.edu.au/?a=,Page not found
mdhs.unimelb.edu.au,https://mdhs.unimelb.edu.au/engage/alumni/?a=,Page not found
mdhs.unimelb.edu.au,https://mdhs.unimelb.edu.au/diversity-and-inclusion/engage/resources/culturally-and-linguistically-diverse/%E2%80%93,Page not found
mdhs.unimelb.edu.au,https://mdhs.unimelb.edu.au/6%20ways%20good%20climate%20policy%20helps%20your%20wallet%20and%20your%20health%20%20https://pursuit.unimelb.edu.au/articles/6-ways-good-climate-policy-helps-your-wallet-and-your-health,Page not found
mdhs.unimelb.edu.au,https://mdhs.unimelb.edu.au/study/current-students/student-enrichment/clubs-and-societies-home/clubs-and-societies-link-page,404 : Page not found | Error
mdhs.unimelb.edu.au,https://mdhs.unimelb.edu.au/engage/alumni?a=,Page not found
mdhs.unimelb.edu.au,https://mdhs.unimelb.edu.au/research/research-training/mdhs-graduate-research-conference/_nocache,Page not found
mdhs.unimelb.edu.au,https://mdhs.unimelb.edu.au/research/innovation-and-enterprise/deans-innovation-grants,Page not found
mdhs.unimelb.edu.au,https://mdhs.unimelb.edu.au/diversity-and-inclusion/news-and-events/To%20read%20more%20https://mdhs.unimelb.edu.au/diversity-and-inclusion/initiatives/mdhsdisablitynetwork,Page not found
mdhs.unimelb.edu.au,https://mdhs.unimelb.edu.au/study/current-students/student-enrichment/older-site-versions/student-enrichment/clubs-and-societies-link-page,404 : Page not found | Error
mdhs.unimelb.edu.au,https://mdhs.unimelb.edu.au/research/research-training/current-students/international-students/overseas-student-health-cover,Page not found
mdhs.unimelb.edu.au,https://mdhs.unimelb.edu.au/research/research-training/current-students/international-students/renewing-your-student-visa,Page not found
mdhs.unimelb.edu.au,https://mdhs.unimelb.edu.au/research/research-training/current-students/student-support-services/building-accessfacilitiesstudent-card,Page not found
mdhs.unimelb.edu.au,https://mdhs.unimelb.edu.au/about/indigenous-development/our-people/?a=,Page not found
mdhs.unimelb.edu.au,https://mdhs.unimelb.edu.au/study/current-students/student-enrichment/mdhs-indigenous-admissions@unimelb.edu.au,Page not found
mdhs.unimelb.edu.au,https://mdhs.unimelb.edu.au/about/indigenous-development-archive/strategy-and-initiatives,404 : Page not found | Error
mdhs.unimelb.edu.au,https://mdhs.unimelb.edu.au/research/research-library/_nocache&f.Disciplines%7Cdisciplines=Anatomy+and+Physiology,Page not found
mdhs.unimelb.edu.au,https://mdhs.unimelb.edu.au/research/research-library/_nocache&f.Disciplines%7Cdisciplines=Audiology+and+Speech+Pathology,Page not found
mdhs.unimelb.edu.au,https://mdhs.unimelb.edu.au/research/research-library/_nocache&f.Disciplines%7Cdisciplines=Baker+Department+of+Cardiometabolic+Health,Page not found
mdhs.unimelb.edu.au,https://mdhs.unimelb.edu.au/research/research-library/_nocache&f.Disciplines%7Cdisciplines=Baker+Department+of+Cardiometabolic+Health+Research,Page not found
mdhs.unimelb.edu.au,https://mdhs.unimelb.edu.au/research/research-library/_nocache&f.Disciplines%7Cdisciplines=Biochemistry+and+Pharmacology,Page not found
mdhs.unimelb.edu.au,https://mdhs.unimelb.edu.au/research/research-library/_nocache&f.Disciplines%7Cdisciplines=Centre+for+Epidemiology+and+Biostatistics,Page not found
mdhs.unimelb.edu.au,https://mdhs.unimelb.edu.au/research/research-library/_nocache&f.Faculty+Research+Themes%7Cfaculty=Cancer,Page not found
mdhs.unimelb.edu.au,https://mdhs.unimelb.edu.au/research/research-library/_nocache&f.Faculty+Research+Themes%7Cfaculty=Child+Health,Page not found
mdhs.unimelb.edu.au,https://mdhs.unimelb.edu.au/research/research-library/_nocache&f.Faculty+Research+Themes%7Cfaculty=Infection+and+Immunology,Page not found
mdhs.unimelb.edu.au,https://mdhs.unimelb.edu.au/research/research-library/_nocache&f.Faculty+Research+Themes%7Cfaculty=Neuroscience,Page not found
mdhs.unimelb.edu.au,https://mdhs.unimelb.edu.au/research/research-library/_nocache&f.Disciplines%7Cdisciplines=Centre+for+Epidemiology+and+Biostatistics+Research,Page not found
mdhs.unimelb.edu.au,https://mdhs.unimelb.edu.au/research/research-library/_nocache&f.Disciplines%7Cdisciplines=General+Practice+and+Primary+Care,Page not found
mdhs.unimelb.edu.au,https://mdhs.unimelb.edu.au/research/research-library/_nocache&f.Disciplines%7Cdisciplines=Critical+Care,Page not found
mdhs.unimelb.edu.au,https://mdhs.unimelb.edu.au/research/research-library/_nocache&f.Disciplines%7Cdisciplines=Melbourne+School+of+Psychological+Sciences,Page not found
mdhs.unimelb.edu.au,https://mdhs.unimelb.edu.au/research/research-library/_nocache&f.Disciplines%7Cdisciplines=Microbiology+and+Immunology,Page not found
mdhs.unimelb.edu.au,https://mdhs.unimelb.edu.au/research/research-library/_nocache&f.Disciplines%7Cdisciplines=Infectious+Diseases,Page not found
mdhs.unimelb.edu.au,https://mdhs.unimelb.edu.au/research/research-library/_nocache&f.Disciplines%7Cdisciplines=Medicine,Page not found
mdhs.unimelb.edu.au,https://mdhs.unimelb.edu.au/research/research-library/_nocache&f.Disciplines%7Cdisciplines=Obstetrics%2C+Gynaecology+and+Newborn+Health,Page not found
mdhs.unimelb.edu.au,https://mdhs.unimelb.edu.au/research/research-library/_nocache&f.Disciplines%7Cdisciplines=Psychiatry,Page not found
mdhs.unimelb.edu.au,https://mdhs.unimelb.edu.au/research/research-library/_nocache&f.Disciplines%7Cdisciplines=Surgery,Page not found
mdhs.unimelb.edu.au,https://mdhs.unimelb.edu.au/research/research-library/_nocache&f.Disciplines%7Cdisciplines=Nursing,Page not found
mdhs.unimelb.edu.au,https://mdhs.unimelb.edu.au/research/research-library/_nocache&f.Disciplines%7Cdisciplines=Social+Work,Page not found
mdhs.unimelb.edu.au,https://mdhs.unimelb.edu.au/research/research-library/_nocache&f.Disciplines%7Cdisciplines=Clinical+Pathology,Page not found
mdhs.unimelb.edu.au,https://mdhs.unimelb.edu.au/research/research-library/_nocache&f.Disciplines%7Cdisciplines=Anatomy+and+Physiology+Research,Page not found
mdhs.unimelb.edu.au,https://mdhs.unimelb.edu.au/research/research-library/_nocache&f.Disciplines%7Cdisciplines=Centre+for+Health+Equity,Page not found
mdhs.unimelb.edu.au,https://mdhs.unimelb.edu.au/research/research-library/_nocache&f.Disciplines%7Cdisciplines=Centre+for+Health+Policy,Page not found
mdhs.unimelb.edu.au,https://mdhs.unimelb.edu.au/research/research-library/_nocache&f.Disciplines%7Cdisciplines=Centre+for+Mental+Health+and+Community+Wellbeing,Page not found
mdhs.unimelb.edu.au,https://mdhs.unimelb.edu.au/research/research-library/_nocache&f.Disciplines%7Cdisciplines=Melbourne+School+of+Population+and+Global+Health,Page not found
mdhs.unimelb.edu.au,https://mdhs.unimelb.edu.au/research/research-library/_nocache&f.Disciplines%7Cdisciplines=Nossal+Institute+for+Global+Health,Page not found
mdhs.unimelb.edu.au,https://mdhs.unimelb.edu.au/research/research-library/_nocache&f.Disciplines%7Cdisciplines=Onemda%3A+Aboriginal+and+Torres+Strait+Islander+Health+and+Wellbeing,Page not found
mdhs.unimelb.edu.au,https://mdhs.unimelb.edu.au/research/research-library/_nocache&f.Disciplines%7Cdisciplines=Optometry+and+Vision+Sciences,Page not found
mdhs.unimelb.edu.au,https://mdhs.unimelb.edu.au/research/research-library/_nocache&f.Disciplines%7Cdisciplines=Paediatrics,Page not found
mdhs.unimelb.edu.au,https://mdhs.unimelb.edu.au/research/research-library/_nocache&f.Disciplines%7Cdisciplines=Physiotherapy,Page not found
mdhs.unimelb.edu.au,https://mdhs.unimelb.edu.au/research/research-library/_nocache&f.Disciplines%7Cdisciplines=Radiology,Page not found
mdhs.unimelb.edu.au,https://mdhs.unimelb.edu.au/research/research-library/_nocache&f.Disciplines%7Cdisciplines=Research,Page not found
mdhs.unimelb.edu.au,https://mdhs.unimelb.edu.au/research/research-library/_nocache&f.Disciplines%7Cdisciplines=Rural+Health,Page not found
mdhs.unimelb.edu.au,https://mdhs.unimelb.edu.au/research/research-library/_nocache+Research&f.Disciplines%7Cdisciplines=Anatomy+and+Physiology,Page not found
medicine.unimelb.edu.au,https://medicine.unimelb.edu.au/study/short-courses,404
medicine.unimelb.edu.au,https://medicine.unimelb.edu.au/school-structure/?a=,Page not found
medicine.unimelb.edu.au,https://medicine.unimelb.edu.au/school-structure/paediatrics/engagement/melbourne-childrens-campus,404 : Page not found | Error
medicine.unimelb.edu.au,https://medicine.unimelb.edu.au/news-and-events/archive-news/cop.unimelb.edu.au,Page not found
medicine.unimelb.edu.au,https://medicine.unimelb.edu.au/study/degrees,404
medicine.unimelb.edu.au,"https://medicine.unimelb.edu.au/school-structure/obstetrics-gynaecology-and-newborn-health/study/Congratulations%20to%20Michael%20Barrese,%20winner%20of%20the%20Michael%20Permezel%20Prize%202023.Michael's%20compared%20state-wide%20COVID-19%20infection%20rates,%20intensive%20care%20unit%20(ICU)%20admissions,%20and%20length%20of%20stay%20in%20hospitalised%20pregnant%20patients%20before%20and%20after%20widespread%20maternal%20vaccination%20coverage%20in%20his%20paper:%20'Association%20between%20COVID-19%20Population%20Vaccination%20Coverage%20and%20the%20Risk%20of%20Maternal%20Intensive%20Care%20Unit%20Admission:%20A%20Retrospective%20Analysis%20of%20215,363%20Victorian%20Hospital%20Admissions'.The%20Permezel%20Prize%20is%20awarded%20t%20o",Page not found
medicine.unimelb.edu.au,https://medicine.unimelb.edu.au/school-structure?a=,Page not found
medicine.unimelb.edu.au,https://medicine.unimelb.edu.au/school-structure/paediatrics/engagement/engagement-archive/melbourne-childrens-campus,404 : Page not found | Error
medicine.unimelb.edu.au,https://medicine.unimelb.edu.au/news-and-events/archive-news/2023-women-clinicians-in-academic-leadership-wcal-symposium,404 : Page not found | Error
medicine.unimelb.edu.au,https://medicine.unimelb.edu.au/school-structure/critcare/about-us/sustainable-healthcare,404 : Page not found | Error
medicine.unimelb.edu.au,https://medicine.unimelb.edu.au/school-structure/http//doi:10.1016/j.soncn.2025.152022,Page not found
medicine.unimelb.edu.au,https://medicine.unimelb.edu.au/school-structure/paediatrics/research/honours-and-masters.,Page not found
medicine.unimelb.edu.au,https://medicine.unimelb.edu.au/research/medical-research-themes/medical-research-project-list/www.findanexpert.unimelb.edu.au/display/person147194,Page not found
medicine.unimelb.edu.au,"https://medicine.unimelb.edu.au/research/medical-research-themes/medical-research-project-list/UOM%20Department%20of%20Paediatrics,%20Level%202%20West,%20Royal%20Children's%20Hospital%20Flemington%20Road,%20Parkville.%20Victoria.%203052.%20%20Australia.",Page not found
medicine.unimelb.edu.au,https://medicine.unimelb.edu.au/research/medical-research-themes/www.findanexpert.unimelb.edu.au/display/person147194,Page not found
medicine.unimelb.edu.au,"https://medicine.unimelb.edu.au/research/medical-research-themes/UOM%20Department%20of%20Paediatrics,%20Level%202%20West,%20Royal%20Children's%20Hospital%20Flemington%20Road,%20Parkville.%20Victoria.%203052.%20%20Australia.",Page not found
medicine.unimelb.edu.au,https://medicine.unimelb.edu.au/engage/alumni/chiron/chiron-2021/?external-uuid=fa261fa1-199a-4c97-9837-2c6dcf71a68c,Page not found
medicine.unimelb.edu.au,https://medicine.unimelb.edu.au/school-structure/paediatrics/engagement/asq-trak/faqs/asq-trak-kit-faqs,Page not found
medicine.unimelb.edu.au,https://medicine.unimelb.edu.au/school-structure/paediatrics/engagement/asq-trak/about-us/asq-trak-indigenous-reference-group,Page not found
medicine.unimelb.edu.au,https://medicine.unimelb.edu.au/school-structure/critcare/sustainable-healthcare,404 : Page not found | Error
medicine.unimelb.edu.au,https://medicine.unimelb.edu.au/school-structure/rural-health/?a=,Page not found
medicine.unimelb.edu.au,https://medicine.unimelb.edu.au/school-structure/rural-health/news-and-events/goingruralhealth.com.au,Page not found
medicine.unimelb.edu.au,https://medicine.unimelb.edu.au/research-groups/baker-department-of-cardiometabolic-health-research/Cardiac-Hypertrophy-Group/mcmullen-research-projects,Page not found
medicine.unimelb.edu.au,https://medicine.unimelb.edu.au/news-and-events/archive-news/?external-uuid=e49e5c48-baa8-4b83-9957-81cb747acd54,404 : Page not found | Error
medicine.unimelb.edu.au,https://medicine.unimelb.edu.au/news-and-events/archive-news/?external-uuid=524bb3b8-c2dd-4b8a-a02e-ffc8ce1b6007,404 : Page not found | Error
medicine.unimelb.edu.au,https://medicine.unimelb.edu.au/school-structure/general-practice-and-primary-care/research/community-involvement/groups/co-design-living-labs,404 : Page not found | Error
medicine.unimelb.edu.au,https://medicine.unimelb.edu.au/research-groups/infectious-diseases-research/vaccine-and-immunisation,404 : Page not found | Error
medicine.unimelb.edu.au,https://medicine.unimelb.edu.au/research-groups/infectious-diseases-research/mahanty-group,404 : Page not found | Error
medicine.unimelb.edu.au,https://medicine.unimelb.edu.au/research-groups/medicine-and-radiology-research/royal-melbourne-hospital/healthy-ageing-program,404 : Page not found | Error
medicine.unimelb.edu.au,https://medicine.unimelb.edu.au/school-structure/medicine/engage/www.florey.edu.au,Page not found
medicine.unimelb.edu.au,https://medicine.unimelb.edu.au/school-structure/medicine/engage/www.svhm.org.au,Page not found
medicine.unimelb.edu.au,https://medicine.unimelb.edu.au/school-structure/medicine/engage/www.eng.unimelb.edu.au,Page not found
medicine.unimelb.edu.au,https://medicine.unimelb.edu.au/school-structure/medicine/engage/www.cera.org.au,Page not found
medicine.unimelb.edu.au,https://medicine.unimelb.edu.au/school-structure/medicine/engage/centreforpallcare.org/,Page not found
medicine.unimelb.edu.au,https://medicine.unimelb.edu.au/school-structure/medicine/engage/www.svi.edu.au,Page not found
medicine.unimelb.edu.au,https://medicine.unimelb.edu.au/school-structure/medicine/engage/www.doherty.edu.au,Page not found
medicine.unimelb.edu.au,https://medicine.unimelb.edu.au/school-structure/surgery/research/www.surgicalconferencefinder.com,Page not found
medicine.unimelb.edu.au,https://medicine.unimelb.edu.au/school-structure/paediatrics/study/Post-Graduate-Studies/wierenga@unimelb.edu.au,Page not found
medicine.unimelb.edu.au,https://medicine.unimelb.edu.au/school-structure/paediatrics/research/research-at-the-department-of-paediatrics/(https://www.monash.edu/medicine/mitohope,Page not found
medicine.unimelb.edu.au,https://medicine.unimelb.edu.au/research-groups/clinical-pathology-research/?external-uuid=7bcabe4c-95f9-4cb3-a23b-60e234abd296,404 : Page not found | Error
medicine.unimelb.edu.au,https://medicine.unimelb.edu.au/research-groups/medicine-research/austin-hospital/www.findanexpert.unimelb.edu.au/display/person147194,Page not found
medicine.unimelb.edu.au,"https://medicine.unimelb.edu.au/research-groups/paediatrics-research/paediatric-social-work/UOM%20Department%20of%20Paediatrics,%20Level%202%20West,%20Royal%20Children's%20Hospital%20Flemington%20Road,%20Parkville.%20Victoria.%203052.%20%20Australia.",Page not found
medicine.unimelb.edu.au,https://medicine.unimelb.edu.au/research-groups/general-practice-and-primary-care-research/children-and-young-peoples-health/Senior%20Research%20Fellow-Domestic%20Violence%20Research,Page not found
medicine.unimelb.edu.au,https://medicine.unimelb.edu.au/school-structure/surgery/engagment/opus/about-us/contact-us,Page not found
medicine.unimelb.edu.au,https://medicine.unimelb.edu.au/school-structure/medicine/research/lets-chat-dementia-research/overview/Partners/bidyadanga-health-centre,Page Not Found | Kimberley Aboriginal Medical Services (KAMS)
medicine.unimelb.edu.au,https://medicine.unimelb.edu.au/research-groups/clinical-pathology-research?external-uuid=7bcabe4c-95f9-4cb3-a23b-60e234abd296,404 : Page not found | Error
medicine.unimelb.edu.au,https://medicine.unimelb.edu.au/school-structure/surgery/engagement/opus/about-us/contact-us,Page not found
medicine.unimelb.edu.au,https://medicine.unimelb.edu.au/research-groups/medicine-research/st-vincents-hospital/gut-research/www.agirf.com,Page not found
medicine.unimelb.edu.au,https://medicine.unimelb.edu.au/school-structure/surgery/about-us/department-precincts/western-campus/whats-happening-at-western-health/Alex%20is%20a%20GSET%20registrar%20working%20with%20our%20Department%20to%20identify%20tools%20which%20may%20help%20us%20tailor%20surgery%20for%20patients%20with%20complex%20rectal%20cancer.,Page not found
medicine.unimelb.edu.au,https://medicine.unimelb.edu.au/school-structure/surgery/engagment/opus/news-and-events/newsletters-past-editions-2017/,Page not found
medicine.unimelb.edu.au,https://medicine.unimelb.edu.au/school-structure/surgery/engagement/opus/news-and-events/newsletters-past-editions-2017,Page not found
msd.unimelb.edu.au,https://msd.unimelb.edu.au/maker-spaces/loans-desk-archive,Page not found
msd.unimelb.edu.au,https://msd.unimelb.edu.au/research/graduate-research/graduate-researchers/www.linkedin.com/in/sam-hillian-neave-1b74631a7,Page not found
msd.unimelb.edu.au,https://msd.unimelb.edu.au/research/graduate-research/graduate-researchers/www.linkedin.com/in/%20rockson-y-niminga-beka-a52240140,Page not found
msd.unimelb.edu.au,https://msd.unimelb.edu.au/maker-spaces/?a=,Page not found
msd.unimelb.edu.au,https://msd.unimelb.edu.au/about/our-people/academic/christhina-candido,Page not found
msd.unimelb.edu.au,https://msd.unimelb.edu.au/about/our-people/academic/georgia-warren-myers,Page not found
msd.unimelb.edu.au,https://msd.unimelb.edu.au/about/our-people/academic/dr-djordje-stojanovic,Page not found
msd.unimelb.edu.au,https://msd.unimelb.edu.au/thus/linkinghub.elsevier.com/retrieve/pii/S2210670725005177,Page not found
msd.unimelb.edu.au,https://msd.unimelb.edu.au/about/our-people/academic/dr-stephanie-butcher,Page not found
msd.unimelb.edu.au,https://msd.unimelb.edu.au/about/our-people/academic/iderlina-mateo-babiano,Page not found
msd.unimelb.edu.au,https://msd.unimelb.edu.au/about/our-people/academic/nicholas-phelps,Page not found
msd.unimelb.edu.au,https://msd.unimelb.edu.au/maker-spaces/404,Page not found
msd.unimelb.edu.au,https://msd.unimelb.edu.au/about/our-people/academic/professor-helene-frichot,Page not found
msd.unimelb.edu.au,https://msd.unimelb.edu.au/about/our-people/academic/professor-david-nichols,Page not found
msd.unimelb.edu.au,https://msd.unimelb.edu.au/about/our-people/academic/chris-heywood,Page not found
msd.unimelb.edu.au,https://msd.unimelb.edu.au/about/our-people/academic/dominik-holzer,Page not found
msd.unimelb.edu.au,https://msd.unimelb.edu.au/about/our-people/academic/kim-dovey,Page not found
msd.unimelb.edu.au,https://msd.unimelb.edu.au/about/our-people/academic/leire-asensio-villoria,Page not found
msd.unimelb.edu.au,https://msd.unimelb.edu.au/about/our-people/academic/ajibade-aibinu,Page not found
msd.unimelb.edu.au,https://msd.unimelb.edu.au/about/our-people/academic/vidal-paton-cole,Page not found
msd.unimelb.edu.au,https://msd.unimelb.edu.au/about/our-people/academic/sun-sheng-han,Page not found
msd.unimelb.edu.au,https://msd.unimelb.edu.au/about/our-people/academic/patrick-cobbinah,Page not found
msd.unimelb.edu.au,https://msd.unimelb.edu.au/about/our-people/academic/jennifer-day,Page not found
msd.unimelb.edu.au,https://msd.unimelb.edu.au/about/our-people/academic/robert-crawford,Page not found
msd.unimelb.edu.au,https://msd.unimelb.edu.au/about/our-people/academic/james-helal,Page not found
msd.unimelb.edu.au,https://msd.unimelb.edu.au/about/our-people/academic/alan-march,Page not found
msd.unimelb.edu.au,https://msd.unimelb.edu.au/about/our-people/academic/crystal-legacy,Page not found
msd.unimelb.edu.au,https://msd.unimelb.edu.au/about/our-people/academic/sidh-sintusingha,Page not found
msd.unimelb.edu.au,https://msd.unimelb.edu.au/about/our-people/academic/wendy-walls,Page not found
msd.unimelb.edu.au,https://msd.unimelb.edu.au/about/our-people/academic/professor-sarah-bell,Page not found
msd.unimelb.edu.au,https://msd.unimelb.edu.au/about/our-people/academic/hyung-min-kim,Page not found
msd.unimelb.edu.au,https://msd.unimelb.edu.au/about/our-people/academic/hemanta-doloi,Page not found
msd.unimelb.edu.au,https://msd.unimelb.edu.au/about/our-people/academic/stuart-king,Page not found
msd.unimelb.edu.au,https://msd.unimelb.edu.au/about/our-people/academic/julie-willis,Page not found
msd.unimelb.edu.au,https://msd.unimelb.edu.au/about/our-people/academic/piyush-tiwari,Page not found
msd.unimelb.edu.au,https://msd.unimelb.edu.au/about/our-people/academic/jyoti-shukla,Page not found
msd.unimelb.edu.au,https://msd.unimelb.edu.au/about/our-people/academic/paul-walker,Page not found
msd.unimelb.edu.au,https://msd.unimelb.edu.au/about/our-people/academic/andrew-martel,Page not found
msd.unimelb.edu.au,https://msd.unimelb.edu.au/about/our-people/academic/anna-hurlimann,Page not found
msd.unimelb.edu.au,https://msd.unimelb.edu.au/about/our-people/academic/judy-bush,Page not found
msd.unimelb.edu.au,https://msd.unimelb.edu.au/about/our-people/academic/hannah-lewi,Page not found
msd.unimelb.edu.au,https://msd.unimelb.edu.au/about/our-people/academic/dr-sangeetha-chandra-shekeran,Page not found
msd.unimelb.edu.au,https://msd.unimelb.edu.au/research/graduate-research/graduate-researchers/www.linkedin.com/in/osama-jamil-3b6769125,Page not found
msd.unimelb.edu.au,https://msd.unimelb.edu.au/about/our-people/academic/annmarie-brennan,Page not found
msd.unimelb.edu.au,https://msd.unimelb.edu.au/about/our-people/academic/mehran-oraee,Page not found
msd.unimelb.edu.au,https://msd.unimelb.edu.au/about/our-people/academic/dr-wei-yang,Page not found
msd.unimelb.edu.au,https://msd.unimelb.edu.au/about/our-people/academic/alberto-pugnale,Page not found
msd.unimelb.edu.au,https://msd.unimelb.edu.au/about/our-people/academic/elek-pafka,Page not found
msd.unimelb.edu.au,https://msd.unimelb.edu.au/about/our-people/academic/andre-stephan,Page not found
msd.unimelb.edu.au,https://msd.unimelb.edu.au/about/our-people/academic/anoma-pieris,Page not found
msd.unimelb.edu.au,https://msd.unimelb.edu.au/about/our-people/academic/dr-cathy-oke,Page not found
msd.unimelb.edu.au,https://msd.unimelb.edu.au/about/our-people/academic/professor-alexander-felson,Page not found
msd.unimelb.edu.au,https://msd.unimelb.edu.au/about/our-people/academic/valerie-francis,Page not found
msd.unimelb.edu.au,https://msd.unimelb.edu.au/about/our-people/academic/sofia-colabella,Page not found
msd.unimelb.edu.au,https://msd.unimelb.edu.au/about/our-people/academic/dr-james-thompson,Page not found
msd.unimelb.edu.au,https://msd.unimelb.edu.au/about/our-people/academic/dr-julie-tian-miao,Page not found
msd.unimelb.edu.au,https://msd.unimelb.edu.au/about/our-people/academic/karen-burns,Page not found
msd.unimelb.edu.au,https://msd.unimelb.edu.au/about/our-people/academic/kerry-nice,Page not found
msd.unimelb.edu.au,https://msd.unimelb.edu.au/about/our-people/academic/sachith-seneviratne,Page not found
msd.unimelb.edu.au,https://msd.unimelb.edu.au/about/our-people/academic/soon-tzu-speechley,Page not found
msd.unimelb.edu.au,https://msd.unimelb.edu.au/about/our-people/academic/david-obrien,Page not found
msd.unimelb.edu.au,https://msd.unimelb.edu.au/about/our-people/academic/kelum-palipane,Page not found
msd.unimelb.edu.au,https://msd.unimelb.edu.au/about/our-people/academic/ashraful-alam,Page not found
msd.unimelb.edu.au,https://msd.unimelb.edu.au/about/our-people/academic/peter-raisbeck,Page not found
msd.unimelb.edu.au,https://msd.unimelb.edu.au/about/our-people/academic/kate-tregloan,Page not found
msd.unimelb.edu.au,https://msd.unimelb.edu.au/about/our-people/academic/margaret-grose,Page not found
msd.unimelb.edu.au,https://msd.unimelb.edu.au/about/our-people/academic/nano-langenheim,Page not found
msd.unimelb.edu.au,https://msd.unimelb.edu.au/about/our-people/academic/philip-goad,Page not found
msd.unimelb.edu.au,https://msd.unimelb.edu.au/about/our-people/academic/ben-cleveland,Page not found
msd.unimelb.edu.au,https://msd.unimelb.edu.au/404,Page not found
msd.unimelb.edu.au,https://msd.unimelb.edu.au/maker-spaces/next-lab/main/events/www.positionpartners.com.au,Page not found
msd.unimelb.edu.au,https://msd.unimelb.edu.au/maker-spaces?a=,Page not found
msd.unimelb.edu.au,https://msd.unimelb.edu.au/be150/events/the-future-park-design-ideas-competition-the-square-and-the-park-exhibition,Page not found
msd.unimelb.edu.au,https://msd.unimelb.edu.au/belt/quality/pedagogy/online-teaching/b/dual-delivery/dia-accordions/sense-of-belonging,Page not found
research.unimelb.edu.au,https://research.unimelb.edu.au/strengths/initiatives/www.connectup.org.au,Page not found
services.unimelb.edu.au,https://services.unimelb.edu.au/counsel/about/meet-our-counsellors,Page not found
services.unimelb.edu.au,https://services.unimelb.edu.au/counsel/resources/mental-health-problems/?external-uuid=1a439f41-7a02-4b6f-ba33-f3d7e6409a12,Page not found
services.unimelb.edu.au,https://services.unimelb.edu.au/counsel/resources/relationships/?external-uuid=1a439f41-7a02-4b6f-ba33-f3d7e6409a12,Page not found
services.unimelb.edu.au,https://services.unimelb.edu.au/counsel/resources/relationships/www.sexquest.com/SexQuest.html,Page not found
services.unimelb.edu.au,https://services.unimelb.edu.au/counsel/404,Page not found
services.unimelb.edu.au,https://services.unimelb.edu.au/counsel/resources/mental-health-problems?external-uuid=1a439f41-7a02-4b6f-ba33-f3d7e6409a12,Page not found
services.unimelb.edu.au,https://services.unimelb.edu.au/counsel/resources/relationships?external-uuid=1a439f41-7a02-4b6f-ba33-f3d7e6409a12,Page not found
students.unimelb.edu.au,https://students.unimelb.edu.au/admin/census-dates,Page not found
students.unimelb.edu.au,https://students.unimelb.edu.au/admin/digital-academic-records,Page not found
students.unimelb.edu.au,https://students.unimelb.edu.au/admin/re-enrol,Page not found
students.unimelb.edu.au,https://students.unimelb.edu.au/campus-life/campuses-and-facilities/transport-and-parking/pool-hire-vehicles,404 : Page not found | Error
students.unimelb.edu.au,https://students.unimelb.edu.au/careers/get-career-ready/leadership-and-employability-programs/fund-your-idea-with-an-impact-grant/club-connection-grants,404 : Page not found | Error
students.unimelb.edu.au,https://students.unimelb.edu.au/student-life/?external-uuid=516ec9ad-515f-457a-8dad-8eb7f5b52fed,404 : Page not found | Error
students.unimelb.edu.au,https://students.unimelb.edu.au/student-life/campuses-and-facilities/arts-and-cultural-building,404 : Page not found | Error
students.unimelb.edu.au,https://students.unimelb.edu.au/student-support/coronavirus/staying-engaged-at-home/virtual-campus-good-practices,Page not found
students.unimelb.edu.au,https://students.unimelb.edu.au/student-support/student-equity-and-disability-support/support-for-cultural-or-religious-observance,Page not found
students.unimelb.edu.au,https://students.unimelb.edu.au/support-and-wellbeing/?external-uuid=62222333-1a53-4945-8659-9bcca7d2410d,Page not found
students.unimelb.edu.au,https://students.unimelb.edu.au/support-and-wellbeing/stop-1/categories/more-services,404 : Page not found | Error
students.unimelb.edu.au,https://students.unimelb.edu.au/support-and-wellbeing?external-uuid=62222333-1a53-4945-8659-9bcca7d2410d,Page not found
students.unimelb.edu.au,https://students.unimelb.edu.au/your-course/manage-your-course/fees-and-payments/eligibility-for-commonwealth-supported-places-and-help-loans/_nocache?,Page not found
students.unimelb.edu.au,https://students.unimelb.edu.au/your-course/manage-your-course/subject-enrolment/requisite-waivers/_nocache?,Page not found
study.unimelb.edu.au,https://study.unimelb.edu.au/discover/accommodation/university-accommodation,404
study.unimelb.edu.au,https://study.unimelb.edu.au/find/courses/graduate/graduate-certificate-in-computer-science/,404
study.unimelb.edu.au,https://study.unimelb.edu.au/study-with-us/online-courses/health,404
study.unimelb.edu.au,https://study.unimelb.edu.au/page-not-found-404-esi,404
